Codigo_Ruta,Numero_Ruta,Sentido,Tipo_Unidad,Subtipo,Departamento,Km_Recorrido,Cantidad_Dias,Tarifa_USD
AB060X0AH,60,IDA,POR AUTOBUS,URBANO,AHUACHAPAN,9.78,1,0.2
AB290X0AH,290,IDA,POR AUTOBUS,URBANO,AHUACHAPAN,20.35,3,0.74
AB293B0AH,293-B,IDA,POR AUTOBUS,URBANO,AHUACHAPAN,12.14,2,0.41
AB293X0AH,293,IDA,POR AUTOBUS,URBANO,AHUACHAPAN,16.26,2,0.48
AB297X0AH,297,IDA,POR AUTOBUS,URBANO,AHUACHAPAN,10.19,1,0.48
MB003X0AH,3,IDA,POR MICROBUSES,URBANO,AHUACHAPAN,5.91,1,0.25
MB004X0AH,4,IDA,POR MICROBUSES,URBANO,AHUACHAPAN,3.68,5,0.25
MB017A0AH,17-A,IDA,POR MICROBUSES,URBANO,AHUACHAPAN,4.21,2,0.25
MB017X0AH,17,IDA,POR MICROBUSES,URBANO,AHUACHAPAN,4.72,13,0.25
MB018X0AH,18,IDA,POR MICROBUSES,URBANO,AHUACHAPAN,4.03,5,0.25
MB019X0AH,19,IDA,POR MICROBUSES,URBANO,AHUACHAPAN,5.57,12,0.25
MB809X0AH,809,IDA,POR MICROBUSES,URBANO,AHUACHAPAN,3.37,9,0.25
AB608X0CA,608,REGRESO,POR AUTOBUS,URBANO,CABAÃAS,14.14,1,0.75
AB609X0CA,609,IDA,POR AUTOBUS,URBANO,CABAÃAS,8.37,1,0.2
AB611X0CA,611,REGRESO,POR AUTOBUS,URBANO,CABAÃAS,6.7,1,0.32
AB615X0CA,615,IDA,POR AUTOBUS,URBANO,CABAÃAS,30.07,2,0.6
MB001X4CA,1,IDA,POR MICROBUSES,URBANO,CABAÃAS,2.59,2,0.25
MB001X5CA,1,IDA,POR MICROBUSES,URBANO,CABAÃAS,2.93,1,0.25
MB001X7CA,1,IDA,POR MICROBUSES,URBANO,CABAÃAS,2.74,1,0.27
MB001X8CA,1,REGRESO,POR MICROBUSES,URBANO,CABAÃAS,8.76,2,0.25
MB002X0CA,2,REGRESO,POR MICROBUSES,URBANO,CABAÃAS,4.44,1,0.25
AB124A0CH,124-A,REGRESO,POR AUTOBUS,URBANO,CHALATENANGO,43.26,1,1.04
AB300C0CH,300-C,IDA,POR AUTOBUS,URBANO,CHALATENANGO,11.74,1,0.2
AB300X0CH,300,IDA,POR AUTOBUS,URBANO,CHALATENANGO,11.16,5,0.2
AB509A0CH,509-A,IDA,POR AUTOBUS,URBANO,CHALATENANGO,22.41,3,1.75
AB539X0CH,539,IDA,POR AUTOBUS,URBANO,CHALATENANGO,7.59,1,0.5
AB616X0CH,616,REGRESO,POR AUTOBUS,URBANO,CHALATENANGO,16.2,1,0.74
AB622X0CH,622,REGRESO,POR AUTOBUS,URBANO,CHALATENANGO,4.73,1,0.36
AB624X0CH,624,IDA,POR AUTOBUS,URBANO,CHALATENANGO,3.68,1,0.45
AB629X0CH,629,IDA,POR AUTOBUS,URBANO,CHALATENANGO,39.69,2,0.2
AB631X0CH,631-X,IDA,POR AUTOBUS,URBANO,CHALATENANGO,8.43,1,1
AB632X0CH,632,REGRESO,POR AUTOBUS,URBANO,CHALATENANGO,10.31,2,0.5
AB634X0CH,634,REGRESO,POR AUTOBUS,URBANO,CHALATENANGO,25.31,1,0.75
AB635X0CH,635,REGRESO,POR AUTOBUS,URBANO,CHALATENANGO,15.93,1,0.75
AB636X0CH,636,IDA,POR AUTOBUS,URBANO,CHALATENANGO,15.6,1,0.7
AB642X0CH,642,REGRESO,POR AUTOBUS,URBANO,CHALATENANGO,11.71,1,0.5
AB643X0CH,643,IDA,POR AUTOBUS,URBANO,CHALATENANGO,8.77,2,0.2
AB653X0CH,653-X,REGRESO,POR AUTOBUS,URBANO,CHALATENANGO,5.97,1,0.45
MB001X0CH,1,IDA,POR MICROBUSES,URBANO,CHALATENANGO,10.9,2,0.25
MB003X0CH,3,IDA,POR MICROBUSES,URBANO,CHALATENANGO,7.91,1,0.6
MB007X0CH,7,IDA,POR MICROBUSES,URBANO,CHALATENANGO,3.54,4,0.25
MB300X0CH,300,REGRESO,POR MICROBUSES,URBANO,CHALATENANGO,11.45,1,0.25
MB300XECH,300,REGRESO,POR MICROBUSES,URBANO,CHALATENANGO,10.98,1,0.35
AB066X0CU,66,Ida,POR AUTOBUS,URBANO,CUSCATLAN,6.3,7,0.31
AB093X0CU,93,Ida,POR AUTOBUS,URBANO,CUSCATLAN,6.3,8,0.31
AB516X0CU,516,Ida,POR AUTOBUS,URBANO,CUSCATLAN,7.34,3,0.43
AB637X0CU,637,Ida,POR AUTOBUS,URBANO,CUSCATLAN,3.58,1,0.25
MB002X0CU,2,IDA,POR MICROBUSES,URBANO,CUSCATLAN,3.7,2,0.25
AB071X0LL,71,REGRESO,POR AUTOBUS,URBANO,LA LIBERTAD,2.68,2,0.2
AB078X0LL,78,REGRESO,POR AUTOBUS,URBANO,LA LIBERTAD,9.85,3,0.25
AB080A0LL,80-A,IDA,POR AUTOBUS,URBANO,LA LIBERTAD,8.77,10,0.23
AB080B0LL,80-B,IDA,POR AUTOBUS,URBANO,LA LIBERTAD,9.75,4,0.23
AB099X0LL,99,REGRESO,POR AUTOBUS,URBANO,LA LIBERTAD,11.87,5,0.56
AB103B1LL,103-B,IDA,POR AUTOBUS,URBANO,LA LIBERTAD,27.18,3,0.59
AB103X0LL,103,REGRESO,POR AUTOBUS,URBANO,LA LIBERTAD,21.24,7,0.59
AB265X0LL,265,IDA,POR AUTOBUS,URBANO,LA LIBERTAD,5.93,2,0.48
AB284X0LL,284,REGRESO,POR AUTOBUS,URBANO,LA LIBERTAD,16.35,5,0.2
AB647X0LL,647,REGRESO,POR AUTOBUS,URBANO,LA LIBERTAD,9.81,2,0.31
AB664X0LL,664,IDA,POR AUTOBUS,URBANO,LA LIBERTAD,4.98,1,0.35
MB001LL0,1-LL0,IDA,POR MICROBUSES,URBANO,LA LIBERTAD,7.97,14,0.25
MB001LL1,1-LL1,IDA,POR MICROBUSES,URBANO,LA LIBERTAD,6.12,9,0.25
MB002X0LL,2,IDA,POR MICROBUSES,URBANO,LA LIBERTAD,7.33,14,0.25
MB003X1LL,3,IDA,POR MICROBUSES,URBANO,LA LIBERTAD,3.66,12,0.25
MB003X2LL,3,IDA,POR MICROBUSES,URBANO,LA LIBERTAD,7.24,12,0.25
MB003X3LL,3,IDA,POR MICROBUSES,URBANO,LA LIBERTAD,7.5,14,0.25
MB004X1LL,4,IDA,POR MICROBUSES,URBANO,LA LIBERTAD,16.24,6,0.32
MB007X0LL,7,IDA,POR MICROBUSES,URBANO,LA LIBERTAD,6.91,2,0.25
MB010X0LL,10,IDA,POR MICROBUSES,URBANO,LA LIBERTAD,14.43,15,0.25
MB011X0LL,11,IDA,POR MICROBUSES,URBANO,LA LIBERTAD,2.45,8,0.25
MB012X0LL,12,IDA,POR MICROBUSES,URBANO,LA LIBERTAD,7.81,11,0.25
MB013X0LL,13,IDA,POR MICROBUSES,URBANO,LA LIBERTAD,2.17,5,0.25
MB016X0LL,16,IDA,POR MICROBUSES,URBANO,LA LIBERTAD,9.39,2,0.25
MB646X0LL,646,IDA,POR MICROBUSES,URBANO,LA LIBERTAD,11.65,4,0.25
MB653X0LL,653,IDA,POR MICROBUSES,URBANO,LA LIBERTAD,14.58,1,0.25
AB092X2LP,92,IDA,POR AUTOBUS,URBANO,LA PAZ,8.95,6,0.2
AB092X3LP,92,IDA,POR AUTOBUS,URBANO,LA PAZ,7.62,7,0.2
AB092X4LP,92,IDA,POR AUTOBUS,URBANO,LA PAZ,6.69,9,0.2
AB182X0LP,182,IDA,POR AUTOBUS,URBANO,LA PAZ,24.95,4,0.77
AB197X0LP,197,IDA,POR AUTOBUS,URBANO,LA PAZ,17.89,1,0.6
MB003X0LP,3,IDA,POR MICROBUSES,URBANO,LA PAZ,4.28,9,0.25
MB003X1LP,3,IDA,POR MICROBUSES,URBANO,LA PAZ,4.28,6,0.25
MB004X0LP,4,IDA,POR MICROBUSES,URBANO,LA PAZ,8.35,9,0.25
MB005X0LP,5,REGRESO,POR MICROBUSES,URBANO,LA PAZ,4.79,17,0.25
MB138B0LP,138-B0,IDA,POR MICROBUSES,URBANO,LA PAZ,19.74,1,0.25
AB733X0MO,733,IDA,POR AUTOBUS,URBANO,MORAZAN,3.21,2,0.29
MB001X0MO,1,IDA,POR MICROBUSES,URBANO,MORAZAN,7.27,8,0.25
MB002X0MO,2,IDA,POR MICROBUSES,URBANO,MORAZAN,4.31,4,0.25
AB050X0SA,50,IDA,POR AUTOBUS,URBANO,SANTA ANA,15.57,30,0.2
AB050X1SA,50-X1,IDA,POR AUTOBUS,URBANO,SANTA ANA,15.57,5,0.35
AB051A0SA,51-A,IDA,POR AUTOBUS,URBANO,SANTA ANA,9.71,9,0.2
AB051AESA,51-AE,IDA,POR AUTOBUS,URBANO,SANTA ANA,9.71,0,0.35
AB051B0SA,51-B,IDA,POR AUTOBUS,URBANO,SANTA ANA,6.75,8,0.2
AB051BESA,51-BE,IDA,POR AUTOBUS,URBANO,SANTA ANA,6.75,0,0.35
AB051C0SA,51-C,IDA,POR AUTOBUS,URBANO,SANTA ANA,6.49,15,0.2
AB051CESA,51-CE,IDA,POR AUTOBUS,URBANO,SANTA ANA,6.49,0,0.35
AB051D0SA,51-D,IDA,POR AUTOBUS,URBANO,SANTA ANA,10.19,18,0.2
AB051D1ESA,51-D1E,IDA,POR AUTOBUS,URBANO,SANTA ANA,11.06,0,0.35
AB051D1SA,51-D,IDA,POR AUTOBUS,URBANO,SANTA ANA,11.06,13,0.2
AB051DESA,51-DE,IDA,POR AUTOBUS,URBANO,SANTA ANA,10.19,3,0.35
AB051E0SA,51-E,IDA,POR AUTOBUS,URBANO,SANTA ANA,5.95,15,0.2
AB051EESA,51-EE,IDA,POR AUTOBUS,URBANO,SANTA ANA,5.95,0,0.35
AB051F0SA,51-F,IDA,POR AUTOBUS,URBANO,SANTA ANA,11.58,10,0.2
AB051F1ESA,51F-1E,IDA,POR AUTOBUS,URBANO,SANTA ANA,12.48,0,0.35
AB051F1SA,51-F,IDA,POR AUTOBUS,URBANO,SANTA ANA,12.48,17,0.2
AB051FESA,51-FE,IDA,POR AUTOBUS,URBANO,SANTA ANA,11.58,1,0.35
AB055A0SA,55-A,IDA,POR AUTOBUS,URBANO,SANTA ANA,10.7,9,0.2
AB055A1SA,55-A,IDA,POR AUTOBUS,URBANO,SANTA ANA,14.55,16,0.2
AB055A2SA,55-A,REGRESO,POR AUTOBUS,URBANO,SANTA ANA,15.19,4,0.2
AB055AE0SA,55,IDA,POR AUTOBUS,URBANO,SANTA ANA,10.7,10,0.35
AB055AE1SA,055-AE,IDA,POR AUTOBUS,URBANO,SANTA ANA,14.55,5,0.35
AB055B0SA,55-B,REGRESO,POR AUTOBUS,URBANO,SANTA ANA,14.07,23,0.2
AB055B1ESA,55-B1E,IDA,POR AUTOBUS,URBANO,SANTA ANA,10.53,0,0.35
AB055B1SA,55-B,IDA,POR AUTOBUS,URBANO,SANTA ANA,10.53,8,0.2
AB055B2SA,55-B,IDA,POR AUTOBUS,URBANO,SANTA ANA,10.15,2,0.2
AB055B3SA,55-B3,REGRESO,POR AUTOBUS,URBANO,SANTA ANA,12.13,0,
AB055BE0SA,55,REGRESO,POR AUTOBUS,URBANO,SANTA ANA,14.07,12,0.35
AB055C0SA,55-C,IDA,POR AUTOBUS,URBANO,SANTA ANA,8.15,4,0.2
AB055CE0SA,55-CE,IDA,POR AUTOBUS,URBANO,SANTA ANA,8.15,1,0.35
AB055D0SA,55-D,IDA,POR AUTOBUS,URBANO,SANTA ANA,12.56,4,0.2
AB055DE0SA,55-DE,IDA,POR AUTOBUS,URBANO,SANTA ANA,12.56,2,0.35
AB234D0SA,234-D,IDA,POR AUTOBUS,URBANO,SANTA ANA,15.52,3,0.7
AB267X0SA,267,IDA,POR AUTOBUS,URBANO,SANTA ANA,7.95,3,0.41
AB820X0SA,820,IDA,POR AUTOBUS,URBANO,SANTA ANA,8.91,3,0.4
AB821X0SA,821,IDA,POR AUTOBUS,URBANO,SANTA ANA,28.13,2,1
MB001X0SA,1,IDA,POR MICROBUSES,URBANO,SANTA ANA,7.0,9,0.25
MB001XESA,01-XE,IDA,POR MICROBUSES,URBANO,SANTA ANA,7.0,2,0.35
MB002X0SA,2,IDA,POR MICROBUSES,URBANO,SANTA ANA,11.67,17,0.25
MB002XESA,2-XE,IDA,POR MICROBUSES,URBANO,SANTA ANA,13.75,4,0.35
MB003X0SA,3,IDA,POR MICROBUSES,URBANO,SANTA ANA,11.68,14,0.25
MB004X0SA,4,IDA,POR MICROBUSES,URBANO,SANTA ANA,11.2,26,0.25
MB004XESA,4-XE,IDA,POR MICROBUSES,URBANO,SANTA ANA,11.2,1,0.35
MB005X0SA,5,IDA,POR MICROBUSES,URBANO,SANTA ANA,10.2,26,0.25
MB005XESA,005-XE,IDA,POR MICROBUSES,URBANO,SANTA ANA,10.2,3,0.35
MB006X0SA,6,IDA,POR MICROBUSES,URBANO,SANTA ANA,10.09,9,0.25
MB008X0SA,8,IDA,POR MICROBUSES,URBANO,SANTA ANA,8.92,10,0.25
MB008X1ESA,8X-1E,IDA,POR MICROBUSES,URBANO,SANTA ANA,6.89,3,0.35
MB008X1SA,8,IDA,POR MICROBUSES,URBANO,SANTA ANA,6.89,4,0.25
MB008X2ESA,8-X2E,IDA,POR MICROBUSES,URBANO,SANTA ANA,6.15,3,0.35
MB008X2SA,8,IDA,POR MICROBUSES,URBANO,SANTA ANA,6.15,3,0.25
MB008XESA,8-XE,IDA,POR MICROBUSES,URBANO,SANTA ANA,9.14,4,0.35
MB009X0SA,9,REGRESO,POR MICROBUSES,URBANO,SANTA ANA,11.6,14,0.25
MB010X0SA,10,IDA,POR MICROBUSES,URBANO,SANTA ANA,7.67,16,0.25
MB013X0SA,13,IDA,POR MICROBUSES,URBANO,SANTA ANA,5.29,13,0.25
MB016X0SA,16,IDA,POR MICROBUSES,URBANO,SANTA ANA,8.87,3,0.25
MB017A0SA,17-A,IDA,POR MICROBUSES,URBANO,SANTA ANA,10.25,1,0.25
MB017B0SA,17-B,IDA,POR MICROBUSES,URBANO,SANTA ANA,13.43,1,0.25
MB017C0SA,17-C,IDA,POR MICROBUSES,URBANO,SANTA ANA,7.16,1,0.25
MB022X0SA,22,IDA,POR MICROBUSES,URBANO,SANTA ANA,6.24,7,0.25
MB023X0SA,23,IDA,POR MICROBUSES,URBANO,SANTA ANA,35.93,2,0.25
MB024X0SA,24,IDA,POR MICROBUSES,URBANO,SANTA ANA,6.84,2,0.25
AB088A0SM,88-A,IDA,POR AUTOBUS,URBANO,SAN MIGUEL,7.94,5,0.2
AB088B0SM,88-B,IDA,POR AUTOBUS,URBANO,SAN MIGUEL,6.67,16,0.2
AB088BESM,88-BE,IDA,POR AUTOBUS,URBANO,SAN MIGUEL,6.67,0,0.35
AB088S0SM,88-S,IDA,POR AUTOBUS,URBANO,SAN MIGUEL,7.23,13,0.2
AB090B0SM,90-B,IDA,POR AUTOBUS,URBANO,SAN MIGUEL,16.76,28,0.2
AB090D0SM,90-D,IDA,POR AUTOBUS,URBANO,SAN MIGUEL,18.19,8,0.31
AB090F0SM,90-F,IDA,POR AUTOBUS,URBANO,SAN MIGUEL,12.9,17,0.2
AB090FA0SM,90-FA,IDA,POR AUTOBUS,URBANO,SAN MIGUEL,14.54,11,0.2
AB091X0SM,91,IDA,POR AUTOBUS,URBANO,SAN MIGUEL,11.4,23,0.2
AB094A0SM,94-A,IDA,POR AUTOBUS,URBANO,SAN MIGUEL,7.83,11,0.2
AB094X0SM,94,IDA,POR AUTOBUS,URBANO,SAN MIGUEL,9.56,14,0.2
AB095A0SM,95-A,IDA,POR AUTOBUS,URBANO,SAN MIGUEL,6.76,1,0.2
AB095X0SM,95,IDA,POR AUTOBUS,URBANO,SAN MIGUEL,11.07,4,0.2
AB750X0SM,750,IDA,POR AUTOBUS,URBANO,SAN MIGUEL,15.22,1,0.45
AB758X0SM,758,IDA,POR AUTOBUS,URBANO,SAN MIGUEL,5.17,4,0.45
MB002X0SM,2,IDA,POR MICROBUSES,URBANO,SAN MIGUEL,8.12,40,0.25
MB002XESM,2,IDA,POR MICROBUSES,URBANO,SAN MIGUEL,8.12,1,0.35
MB003X0SM,3,IDA,POR MICROBUSES,URBANO,SAN MIGUEL,8.75,29,0.25
MB003XESM,3,IDA,POR MICROBUSES,URBANO,SAN MIGUEL,8.75,4,0.35
MB004X0SM,4,IDA,POR MICROBUSES,URBANO,SAN MIGUEL,5.55,23,0.25
MB005X0SM,5,IDA,POR MICROBUSES,URBANO,SAN MIGUEL,5.34,19,0.25
MB006X0SM,6,IDA,POR MICROBUSES,URBANO,SAN MIGUEL,4.46,5,0.25
MB007X0SM,7,IDA,POR MICROBUSES,URBANO,SAN MIGUEL,11.6,10,0.25
MB008X0SM,8,IDA,POR MICROBUSES,URBANO,SAN MIGUEL,13.14,14,0.25
MB008XESM,8-XE,IDA,POR MICROBUSES,URBANO,SAN MIGUEL,8.25,2,0.35
MB011X0SM,11,IDA,POR MICROBUSES,URBANO,SAN MIGUEL,8.78,24,0.25
MB013X0SM,13,IDA,POR MICROBUSES,URBANO,SAN MIGUEL,7.03,17,0.25
MB090B0SM,90-B,IDA,POR MICROBUSES,URBANO,SAN MIGUEL,17.33,4,0.25
AB001X0SO,1,IDA,POR AUTOBUS,URBANO,SONSONATE,10.84,1,0.5
AB053C0SO,53-C,IDA,POR AUTOBUS,URBANO,SONSONATE,6.97,18,0.23
AB053E0SO,53-E,IDA,POR AUTOBUS,URBANO,SONSONATE,5.91,22,0.2
AB053G0SO,53-G,IDA,POR AUTOBUS,URBANO,SONSONATE,5.04,17,0.23
AB053I0SO,53-I,IDA,POR AUTOBUS,URBANO,SONSONATE,20.72,3,0.41
AB056X0SO,56,IDA,POR AUTOBUS,URBANO,SONSONATE,13.8,4,0.2
AB064X0SO,64,IDA,POR AUTOBUS,URBANO,SONSONATE,6.52,6,0.2
AB065X0SO,65,IDA,POR AUTOBUS,URBANO,SONSONATE,5.56,1,0.2
MB003X0SO,3,IDA,POR MICROBUSES,URBANO,SONSONATE,1.6,4,0.25
MB005X0SO,5,IDA,POR MICROBUSES,URBANO,SONSONATE,26.52,4,0.25
MB008X0SO,8,IDA,POR MICROBUSES,URBANO,SONSONATE,4.37,6,0.25
MB010X0SO,10,IDA,POR MICROBUSES,URBANO,SONSONATE,16.12,5,0.2
MB252XESO,252-XE,IDA,POR MICROBUSES,URBANO,SONSONATE,19.4,5,0.35
AB000A0,A,IDA,POR AUTOBUS,URBANO,SAN SALVADOR,7.41,41,0.2
AB000B0,B,REGRESO,POR AUTOBUS,URBANO,SAN SALVADOR,10.05,7,0.2
AB001X0,1,IDA,POR AUTOBUS,URBANO,SAN SALVADOR,12.65,35,0.2
AB002A1,2-A,REGRESO,POR AUTOBUS,URBANO,SAN SALVADOR,4.86,9,0.2
AB002A2,2-A,REGRESO,POR AUTOBUS,URBANO,SAN SALVADOR,4.44,10,0.2
AB002B1,2-B,IDA,POR AUTOBUS,URBANO,SAN SALVADOR,7.77,13,0.2
AB002B1E,02B-1E,IDA,POR AUTOBUS,URBANO,SAN SALVADOR,7.77,8,0.35
AB002B2,2-B,REGRESO,POR AUTOBUS,URBANO,SAN SALVADOR,6.4,10,0.2
AB002B2E,02B-2E,REGRESO,POR AUTOBUS,URBANO,SAN SALVADOR,6.4,1,0.35
AB002C0,2-C,IDA,POR AUTOBUS,URBANO,SAN SALVADOR,9.61,17,0.2
AB003A0,3-A,IDA,POR AUTOBUS,URBANO,SAN SALVADOR,14.01,9,0.2
AB003AE,3-AE,IDA,POR AUTOBUS,URBANO,SAN SALVADOR,14.01,1,0.35
AB003X0,3,IDA,POR AUTOBUS,URBANO,SAN SALVADOR,13.47,40,0.2
AB003XE,003-XE,IDA,POR AUTOBUS,URBANO,SAN SALVADOR,13.47,8,0.35
AB004X0,4,IDA,POR AUTOBUS,URBANO,SAN SALVADOR,12.63,30,0.2
AB004XE,004-XE,IDA,POR AUTOBUS,URBANO,SAN SALVADOR,12.63,10,0.35
AB005X0,5,IDA,POR AUTOBUS,URBANO,SAN SALVADOR,13.65,36,0.2
AB005XE,005-XE,IDA,POR AUTOBUS,URBANO,SAN SALVADOR,13.65,5,0.35
AB006X1,6,IDA,POR AUTOBUS,URBANO,SAN SALVADOR,11.11,17,0.2
AB006X2,6,IDA,POR AUTOBUS,URBANO,SAN SALVADOR,9.56,14,0.2
AB006X3,6,IDA,POR AUTOBUS,URBANO,SAN SALVADOR,11.86,19,0.2
AB007C0,7-C,IDA,POR AUTOBUS,URBANO,SAN SALVADOR,14.56,50,0.2
AB007D0,7-D,IDA,POR AUTOBUS,URBANO,SAN SALVADOR,14.41,32,0.2
AB007X0,7,IDA,POR AUTOBUS,URBANO,SAN SALVADOR,13.98,37,0.2
AB008A0SS,8-A,IDA,POR AUTOBUS,URBANO,SAN SALVADOR,11.83,6,0.2
AB008AESS,08A-E,IDA,POR AUTOBUS,URBANO,SAN SALVADOR,11.83,20,0.35
AB008X0,8,IDA,POR AUTOBUS,URBANO,SAN SALVADOR,10.89,2,0.2
AB009X0,9,REGRESO,POR AUTOBUS,URBANO,SAN SALVADOR,16.7,62,0.2
AB010X0,10,REGRESO,POR AUTOBUS,URBANO,SAN SALVADOR,19.22,29,0.2
AB010XE,10-XE,REGRESO,POR AUTOBUS,URBANO,SAN SALVADOR,19.22,5,0.35
AB011X0,11,IDA,POR AUTOBUS,URBANO,SAN SALVADOR,14.16,25,0.2
AB013X0,13,REGRESO,POR AUTOBUS,URBANO,SAN SALVADOR,11.07,46,0.2
AB014A0,14-A,IDA,POR AUTOBUS,URBANO,SAN SALVADOR,17.37,1,0.2
AB014X0,14,IDA,POR AUTOBUS,URBANO,SAN SALVADOR,20.03,16,0.2
AB015X0,15,REGRESO,POR AUTOBUS,URBANO,SAN SALVADOR,16.56,20,0.2
AB016X0,16,REGRESO,POR AUTOBUS,URBANO,SAN SALVADOR,8.36,16,0.2
AB017B1SS,17-B,IDA,POR AUTOBUS,URBANO,SAN SALVADOR,26.42,1,0.2
AB018X0SS,18,IDA,POR AUTOBUS,URBANO,SAN SALVADOR,8.21,1,0.23
AB019X0,19,REGRESO,POR AUTOBUS,URBANO,SAN SALVADOR,6.28,21,0.2
AB020X0,20,IDA,POR AUTOBUS,URBANO,SAN SALVADOR,5.94,15,0.2
AB021A0SS,21-A,IDA,POR AUTOBUS,URBANO,SAN SALVADOR,15.01,26,0.29
AB021B0SS,21-B,IDA,POR AUTOBUS,URBANO,SAN SALVADOR,16.02,1,0.29
AB022X0,22,REGRESO,POR AUTOBUS,URBANO,SAN SALVADOR,10.62,35,0.2
AB022XE,22-XE,REGRESO,POR AUTOBUS,URBANO,SAN SALVADOR,10.62,13,0.35
AB023A0,23-A,REGRESO,POR AUTOBUS,URBANO,SAN SALVADOR,8.46,15,0.2
AB023B0,23-B,IDA,POR AUTOBUS,URBANO,SAN SALVADOR,8.78,13,0.2
AB024X0,24,IDA,POR AUTOBUS,URBANO,SAN SALVADOR,6.35,7,0.2
AB025X0SS,25,IDA,POR AUTOBUS,URBANO,SAN SALVADOR,22.21,6,0.38
AB026X0,26,IDA,POR AUTOBUS,URBANO,SAN SALVADOR,13.75,44,0.2
AB026XE0,26-XE,IDA,POR AUTOBUS,URBANO,SAN SALVADOR,13.75,10,0.35
AB027X0,27,REGRESO,POR AUTOBUS,URBANO,SAN SALVADOR,13.72,25,0.2
AB028X0,28,IDA,POR AUTOBUS,URBANO,SAN SALVADOR,6.03,3,0.2
AB029A0,29-A,REGRESO,POR AUTOBUS,URBANO,SAN SALVADOR,16.88,25,0.2
AB029AE,29-AE,REGRESO,POR AUTOBUS,URBANO,SAN SALVADOR,16.88,15,0.35
AB029C0,29-C,IDA,POR AUTOBUS,URBANO,SAN SALVADOR,19.84,23,0.2
AB029C2,29-C,IDA,POR AUTOBUS,URBANO,SAN SALVADOR,21.83,20,0.2
AB029C2E,29-C2,IDA,POR AUTOBUS,URBANO,SAN SALVADOR,21.83,5,0.35
AB029CE,29-CE,IDA,POR AUTOBUS,URBANO,SAN SALVADOR,19.84,1,0.35
AB029D0,29-D,IDA,POR AUTOBUS,URBANO,SAN SALVADOR,18.11,0,0.2
AB029DE,29-D,IDA,POR AUTOBUS,URBANO,SAN SALVADOR,18.11,2,0.35
AB029E0,29-E,IDA,POR AUTOBUS,URBANO,SAN SALVADOR,16.84,8,0.2
AB029EE,29-E,IDA,POR AUTOBUS,URBANO,SAN SALVADOR,16.84,9,0.35
AB029F0,29-F,IDA,POR AUTOBUS,URBANO,SAN SALVADOR,16.06,5,0.2
AB029FE,29-F,IDA,POR AUTOBUS,URBANO,SAN SALVADOR,16.06,7,0.35
AB029G0,29-G,IDA,POR AUTOBUS,URBANO,SAN SALVADOR,15.85,14,0.2
AB029H0,29-H,IDA,POR AUTOBUS,URBANO,SAN SALVADOR,19.67,11,0.2
AB029HE,29-H,IDA,POR AUTOBUS,URBANO,SAN SALVADOR,19.67,3,0.35
AB030B0,30-B,REGRESO,POR AUTOBUS,URBANO,SAN SALVADOR,12.52,24,0.2
AB030BE,30-BE,REGRESO,POR AUTOBUS,URBANO,SAN SALVADOR,12.52,15,0.35
AB030X0,30,REGRESO,POR AUTOBUS,URBANO,SAN SALVADOR,11.92,20,0.2
AB030X1,44591,REGRESO,POR AUTOBUS,URBANO,SAN SALVADOR,12.81,20,0.2
AB031X0,31,REGRESO,POR AUTOBUS,URBANO,SAN SALVADOR,12.22,15,0.2
AB031XE,31-XE,REGRESO,POR AUTOBUS,URBANO,SAN SALVADOR,12.22,15,0.35
AB033A0,33-A,REGRESO,POR AUTOBUS,URBANO,SAN SALVADOR,20.28,0,0.2
AB034A0,34-A,REGRESO,POR AUTOBUS,URBANO,SAN SALVADOR,10.71,18,0.2
AB034B0,34-B,REGRESO,POR AUTOBUS,URBANO,SAN SALVADOR,14.56,19,0.2
AB035X0,35,REGRESO,POR AUTOBUS,URBANO,SAN SALVADOR,5.0,5,0.2
AB036X0,36,REGRESO,POR AUTOBUS,URBANO,SAN SALVADOR,7.5,2,0.29
AB037A0SS,37-A,IDA,POR AUTOBUS,URBANO,SAN SALVADOR,12.84,9,0.36
AB037A1SS,37-A,IDA,POR AUTOBUS,URBANO,SAN SALVADOR,15.89,2,0.34
AB037B0SS,37-B,IDA,POR AUTOBUS,URBANO,SAN SALVADOR,10.63,2,0.36
AB038A0,38-A,REGRESO,POR AUTOBUS,URBANO,SAN SALVADOR,21.38,18,0.29
AB038B0,38-B,IDA,POR AUTOBUS,URBANO,SAN SALVADOR,17.7,39,0.29
AB038C0,38-C,IDA,POR AUTOBUS,URBANO,SAN SALVADOR,19.34,37,0.29
AB041A0,41-A,REGRESO,POR AUTOBUS,URBANO,SAN SALVADOR,11.24,32,0.2
AB041B0,41-B,IDA,POR AUTOBUS,URBANO,SAN SALVADOR,10.5,20,0.2
AB041D0,41-D,IDA,POR AUTOBUS,URBANO,SAN SALVADOR,9.72,48,0.2
AB041D0E,41-D0E,IDA,POR AUTOBUS,URBANO,SAN SALVADOR,9.72,5,0.35
AB041D1,41-D,IDA,POR AUTOBUS,URBANO,SAN SALVADOR,11.6,12,0.2
AB041E0,41-E,REGRESO,POR AUTOBUS,URBANO,SAN SALVADOR,11.71,18,0.2
AB042A0,42-A,IDA,POR AUTOBUS,URBANO,SAN SALVADOR,20.68,26,0.2
AB042B0,42-B,REGRESO,POR AUTOBUS,URBANO,SAN SALVADOR,13.21,6,0.2
AB042C0,42-C,REGRESO,POR AUTOBUS,URBANO,SAN SALVADOR,13.79,14,0.2
AB042CE,42-CE,REGRESO,POR AUTOBUS,URBANO,SAN SALVADOR,13.79,2,0.35
AB043X0,43,REGRESO,POR AUTOBUS,URBANO,SAN SALVADOR,6.66,8,0.2
AB044X1,44,REGRESO,POR AUTOBUS,URBANO,SAN SALVADOR,14.74,41,0.2
AB044X1E,44-1,REGRESO,POR AUTOBUS,URBANO,SAN SALVADOR,14.74,1,0.35
AB044X2,44,REGRESO,POR AUTOBUS,URBANO,SAN SALVADOR,14.74,18,0.2
AB046X1,46,IDA,POR AUTOBUS,URBANO,SAN SALVADOR,10.77,16,0.2
AB046X2,46,REGRESO,POR AUTOBUS,URBANO,SAN SALVADOR,7.15,8,0.2
AB047X0,47,IDA,POR AUTOBUS,URBANO,SAN SALVADOR,4.22,3,0.2
AB048X0,48,REGRESO,POR AUTOBUS,URBANO,SAN SALVADOR,3.9,22,0.2
AB049A0,49-A,IDA,POR AUTOBUS,URBANO,SAN SALVADOR,5.88,26,0.2
AB049B0,49-B,IDA,POR AUTOBUS,URBANO,SAN SALVADOR,9.03,3,0.2
AB052X1,52-X1,IDA,POR AUTOBUS,URBANO,SAN SALVADOR,10.59,13,0.2
AB052X1E,52-1E,IDA,POR AUTOBUS,URBANO,SAN SALVADOR,10.59,6,0.35
AB052X2,52-X2,IDA,POR AUTOBUS,URBANO,SAN SALVADOR,12.14,6,0.2
AB052X2E,52-X2E,IDA,POR AUTOBUS,URBANO,SAN SALVADOR,12.14,10,0.35
AB059X0SS,59,IDA,POR AUTOBUS,URBANO,SAN SALVADOR,3.13,1,0.25
AB097X0,97,IDA,POR AUTOBUS,URBANO,SAN SALVADOR,11.29,12,0.2
AB101A1,101-A,IDA,POR AUTOBUS,URBANO,SAN SALVADOR,13.26,24,0.2
AB101A2,101-A,IDA,POR AUTOBUS,URBANO,SAN SALVADOR,15.84,18,0.2
AB101A2E,101-AE,IDA,POR AUTOBUS,URBANO,SAN SALVADOR,15.84,1,0.35
AB101B1,101-B,IDA,POR AUTOBUS,URBANO,SAN SALVADOR,14.97,31,0.2
AB101B2,101-B,IDA,POR AUTOBUS,URBANO,SAN SALVADOR,16.02,29,0.2
AB101C0,101-C,REGRESO,POR AUTOBUS,URBANO,SAN SALVADOR,16.62,4,0.2
AB101D0,101-D,REGRESO,POR AUTOBUS,URBANO,SAN SALVADOR,22.62,50,0.2
AB101X1SS,101-X1,IDA,POR AUTOBUS,URBANO,SAN SALVADOR,14.88,5,0.3
AB109X1SS,109,IDA,POR AUTOBUS,URBANO,SAN SALVADOR,19.94,9,0.56
AB140X7,140-7,IDA,POR AUTOBUS,URBANO,SAN SALVADOR,31.13,5,0.4
ABAL1-S,AL1-S,IDA,POR AUTOBUS,URBANO,SAN SALVADOR,4.73,15,0.2
MB003X0,3,IDA,POR MICROBUSES,URBANO,SAN SALVADOR,9.1,37,0.25
MB004A0,4-A,REGRESO,POR MICROBUSES,URBANO,SAN SALVADOR,11.49,15,0.25
MB004X0,4,REGRESO,POR MICROBUSES,URBANO,SAN SALVADOR,15.05,32,0.25
MB005X0,5,IDA,POR MICROBUSES,URBANO,SAN SALVADOR,13.82,20,0.25
MB005X1,5,IDA,POR MICROBUSES,URBANO,SAN SALVADOR,12.59,4,0.25
MB005X1E,5-1E,IDA,POR MICROBUSES,URBANO,SAN SALVADOR,12.59,2,0.35
MB005XE,05-XE,IDA,POR MICROBUSES,URBANO,SAN SALVADOR,13.82,4,0.35
MB006A0,6-A,IDA,POR MICROBUSES,URBANO,SAN SALVADOR,10.8,32,0.27
MB006CF0,6-CF,IDA,POR MICROBUSES,URBANO,SAN SALVADOR,12.43,28,0.27
MB006VH0,6-V,IDA,POR MICROBUSES,URBANO,SAN SALVADOR,10.77,10,0.27
MB007A0,7-A,REGRESO,POR MICROBUSES,URBANO,SAN SALVADOR,11.11,21,0.25
MB009A0,9-A,IDA,POR MICROBUSES,URBANO,SAN SALVADOR,6.51,16,0.25
MB011C0,11-C,IDA,POR MICROBUSES,URBANO,SAN SALVADOR,10.62,29,0.25
MB011K0,11-K,IDA,POR MICROBUSES,URBANO,SAN SALVADOR,16.88,9,0.37
MB011X0,11,IDA,POR MICROBUSES,URBANO,SAN SALVADOR,11.77,42,0.25
MB012X0SS,12,IDA,POR MICROBUSES,URBANO,SAN SALVADOR,10.61,9,0.31
MB012X1SS,12,IDA,POR MICROBUSES,URBANO,SAN SALVADOR,13.71,9,0.36
MB012X2SS,12,IDA,POR MICROBUSES,URBANO,SAN SALVADOR,12.39,8,0.36
MB012X3SS,12,IDA,POR MICROBUSES,URBANO,SAN SALVADOR,13.02,4,0.36
MB016X0,16,IDA,POR MICROBUSES,URBANO,SAN SALVADOR,11.58,13,0.25
MB017A0SS,17-A,IDA,POR MICROBUSES,URBANO,SAN SALVADOR,10.15,4,0.59
MB017A1SS,17-A,IDA,POR MICROBUSES,URBANO,SAN SALVADOR,8.64,2,0.59
MB017B0SS,17-B,IDA,POR MICROBUSES,URBANO,SAN SALVADOR,15.64,22,0.37
MB019X0,19,REGRESO,POR MICROBUSES,URBANO,SAN SALVADOR,12.69,21,0.25
MB020X0,20,IDA,POR MICROBUSES,URBANO,SAN SALVADOR,6.12,16,0.25
MB021X0SS,21,IDA,POR MICROBUSES,URBANO,SAN SALVADOR,13.63,42,0.31
MB023A0,23-A,REGRESO,POR MICROBUSES,URBANO,SAN SALVADOR,8.43,4,0.25
MB023X0,23,IDA,POR MICROBUSES,URBANO,SAN SALVADOR,7.52,11,0.25
MB024A0,24-A,REGRESO,POR MICROBUSES,URBANO,SAN SALVADOR,4.16,4,0.25
MB024X0,24,REGRESO,POR MICROBUSES,URBANO,SAN SALVADOR,4.08,10,0.25
MB026X0,26,IDA,POR MICROBUSES,URBANO,SAN SALVADOR,11.67,33,0.25
MB029X1,29,IDA,POR MICROBUSES,URBANO,SAN SALVADOR,14.83,27,0.25
MB029X2,29,REGRESO,POR MICROBUSES,URBANO,SAN SALVADOR,16.87,16,0.25
MB029X3,29,REGRESO,POR MICROBUSES,URBANO,SAN SALVADOR,15.79,17,0.25
MB029X3E,44649,REGRESO,POR MICROBUSES,URBANO,SAN SALVADOR,15.79,2,0.35
MB029X4,29,REGRESO,POR MICROBUSES,URBANO,SAN SALVADOR,20.38,26,0.25
MB029X4E,29,REGRESO,POR MICROBUSES,URBANO,SAN SALVADOR,20.38,1,0.35
MB029X5,29,IDA,POR MICROBUSES,URBANO,SAN SALVADOR,16.22,19,0.25
MB029X5E,44710,IDA,POR MICROBUSES,URBANO,SAN SALVADOR,16.22,4,0.35
MB029X6,29,IDA,POR MICROBUSES,URBANO,SAN SALVADOR,13.99,24,0.25
MB029X7,29,IDA,POR MICROBUSES,URBANO,SAN SALVADOR,21.01,7,0.25
MB030A0,30-A,IDA,POR MICROBUSES,URBANO,SAN SALVADOR,13.28,12,0.25
MB032X0,32,IDA,POR MICROBUSES,URBANO,SAN SALVADOR,5.26,26,0.25
MB033A1,33-A,IDA,POR MICROBUSES,URBANO,SAN SALVADOR,6.98,22,0.25
MB033A2,33-A,IDA,POR MICROBUSES,URBANO,SAN SALVADOR,6.01,3,0.25
MB033B0,33-B,IDA,POR MICROBUSES,URBANO,SAN SALVADOR,9.64,32,0.25
MB035X0,35,IDA,POR MICROBUSES,URBANO,SAN SALVADOR,5.25,19,0.25
MB038A0,38-A,REGRESO,POR MICROBUSES,URBANO,SAN SALVADOR,21.43,47,0.37
MB038B1,38-B,IDA,POR MICROBUSES,URBANO,SAN SALVADOR,15.81,15,0.37
MB038C0,38-C,IDA,POR MICROBUSES,URBANO,SAN SALVADOR,17.05,27,0.37
MB038D0,38-D,IDA,POR MICROBUSES,URBANO,SAN SALVADOR,15.72,30,0.37
MB038E0,38-E,IDA,POR MICROBUSES,URBANO,SAN SALVADOR,17.56,50,0.37
MB038F0,38-F,IDA,POR MICROBUSES,URBANO,SAN SALVADOR,15.99,16,0.37
MB041A0,41-A,REGRESO,POR MICROBUSES,URBANO,SAN SALVADOR,10.94,51,0.25
MB041B0,41-B,IDA,POR MICROBUSES,URBANO,SAN SALVADOR,10.5,1,0.25
MB041D0,41-D,IDA,POR MICROBUSES,URBANO,SAN SALVADOR,11.02,7,0.25
MB041E0,41-E,REGRESO,POR MICROBUSES,URBANO,SAN SALVADOR,10.45,21,0.25
MB041F0,41-F,REGRESO,POR MICROBUSES,URBANO,SAN SALVADOR,12.03,31,0.25
MB041G0,41-G,REGRESO,POR MICROBUSES,URBANO,SAN SALVADOR,10.37,29,0.25
MB042A0,42-A,REGRESO,POR MICROBUSES,URBANO,SAN SALVADOR,16.14,4,0.31
MB042B0,42-B,IDA,POR MICROBUSES,URBANO,SAN SALVADOR,15.79,30,0.31
MB042B1,42-B,IDA,POR MICROBUSES,URBANO,SAN SALVADOR,18.41,22,0.31
MB042C0,42-C,IDA,POR MICROBUSES,URBANO,SAN SALVADOR,26.67,4,0.31
MB043X0,43,REGRESO,POR MICROBUSES,URBANO,SAN SALVADOR,5.53,16,0.25
MB043X1,43,REGRESO,POR MICROBUSES,URBANO,SAN SALVADOR,6.93,8,0.25
MB044X0,44,REGRESO,POR MICROBUSES,URBANO,SAN SALVADOR,19.45,68,0.25
MB045A0,45-A,IDA,POR MICROBUSES,URBANO,SAN SALVADOR,7.58,2,0.25
MB045B0,45-B,IDA,POR MICROBUSES,URBANO,SAN SALVADOR,17.68,38,0.37
MB046B0,46-B,REGRESO,POR MICROBUSES,URBANO,SAN SALVADOR,10.01,9,0.25
MB046C0,46-C,REGRESO,POR MICROBUSES,URBANO,SAN SALVADOR,8.06,34,0.25
MB048X0,48,IDA,POR MICROBUSES,URBANO,SAN SALVADOR,4.59,21,0.25
MB052X1,52,REGRESO,POR MICROBUSES,URBANO,SAN SALVADOR,11.75,30,0.25
MB052X2,52,IDA,POR MICROBUSES,URBANO,SAN SALVADOR,9.75,9,0.25
MB052X3,52,REGRESO,POR MICROBUSES,URBANO,SAN SALVADOR,13.55,4,0.25
MB053A0,53-A,IDA,POR MICROBUSES,URBANO,SAN SALVADOR,7.96,2,0.25
MB053C0,53-C,IDA,POR MICROBUSES,URBANO,SAN SALVADOR,9.14,2,0.25
MB053X0,53,IDA,POR MICROBUSES,URBANO,SAN SALVADOR,7.52,1,0.25
MB101B0,101-B,IDA,POR MICROBUSES,URBANO,SAN SALVADOR,15.21,60,0.31
MB101D0,101-D,IDA,POR MICROBUSES,URBANO,SAN SALVADOR,16.74,26,0.31
MB140X0,140,IDA,POR MICROBUSES,URBANO,SAN SALVADOR,26.67,37,0.32
MB140X1,140-1,IDA,POR MICROBUSES,URBANO,SAN SALVADOR,29.33,17,0.32
MB140X2,140-2,IDA,POR MICROBUSES,URBANO,SAN SALVADOR,14.15,11,0.32
MB140X4,140-4,IDA,POR MICROBUSES,URBANO,SAN SALVADOR,20.74,10,0.32
MB140X5,140-5,IDA,POR MICROBUSES,URBANO,SAN SALVADOR,47.22,18,0.6
MB140X7,140-7,IDA,POR MICROBUSES,URBANO,SAN SALVADOR,31.13,39,0.65
MBAL1-S,AL1-S,IDA,POR MICROBUSES,URBANO,SAN SALVADOR,4.73,21,0.25
AB070X0SV,70,IDA,POR AUTOBUS,URBANO,SAN VICENTE,24.29,1,0.23
AB072A0SV,72-A,REGRESO,POR AUTOBUS,URBANO,SAN VICENTE,1.6,1,0.2
AB072B0SV,72-B,IDA,POR AUTOBUS,URBANO,SAN VICENTE,3.36,2,0.2
AB072C0SV,72-C,IDA,POR AUTOBUS,URBANO,SAN VICENTE,2.35,2,0.2
AB072D0SV,72-D,IDA,POR AUTOBUS,URBANO,SAN VICENTE,3.68,1,0.2
AB072E0SV,72-E,REGRESO,POR AUTOBUS,URBANO,SAN VICENTE,4.14,10,0.2
AB157B0SV,157-B,IDA,POR AUTOBUS,URBANO,SAN VICENTE,32.6,1,0.9
AB054A0UN,54-A,IDA,POR AUTOBUS,URBANO,LA UNION,6.24,6,0.2
AB054B0UN,54-B,IDA,POR AUTOBUS,URBANO,LA UNION,6.04,7,0.2
AB418X0UN,418,REGRESO,POR AUTOBUS,URBANO,LA UNION,11.97,3,0.54
AB474X0UN,474,REGRESO,POR AUTOBUS,URBANO,LA UNION,27.29,1,0.86
AB711X0UN,711,REGRESO,POR AUTOBUS,URBANO,LA UNION,10.26,1,0.85
AB714X0UN,714-X,REGRESO,POR AUTOBUS,URBANO,LA UNION,6.94,1,1
MB001X0UN,1,REGRESO,POR MICROBUSES,URBANO,LA UNION,4.54,2,0.25
MB002X0UN,2,REGRESO,POR MICROBUSES,URBANO,LA UNION,7.12,26,0.25
AB089B0US,89-B,REGRESO,POR AUTOBUS,URBANO,USULUTAN,6.56,2,0.2
AB089C0US,89-C,REGRESO,POR AUTOBUS,URBANO,USULUTAN,4.78,4,0.2
AB089G0US,89-G,REGRESO,POR AUTOBUS,URBANO,USULUTAN,4.62,4,0.2
AB089H0US,89-H,REGRESO,POR AUTOBUS,URBANO,USULUTAN,5.68,2,0.2
AB776X0US,776,REGRESO,POR AUTOBUS,URBANO,USULUTAN,9.09,1,0.29
AB789X0US,789,REGRESO,POR AUTOBUS,URBANO,USULUTAN,4.24,1,0.25
AB794X0US,794,REGRESO,POR AUTOBUS,URBANO,USULUTAN,8.26,1,0.75
MB001X0US,1,REGRESO,POR MICROBUSES,URBANO,USULUTAN,4.78,4,0.25
MB002X0US,2,REGRESO,POR MICROBUSES,URBANO,USULUTAN,4.67,1,0.25
MB003X0US,3,REGRESO,POR MICROBUSES,URBANO,USULUTAN,5.95,2,0.25
MB004X0US,4,REGRESO,POR MICROBUSES,URBANO,USULUTAN,8.89,13,0.25
MB005X0US,5,REGRESO,POR MICROBUSES,URBANO,USULUTAN,3.57,2,0.25
MB006X0US,6,REGRESO,POR MICROBUSES,URBANO,USULUTAN,8.89,3,0.25
MB008X0US,8,REGRESO,POR MICROBUSES,URBANO,USULUTAN,5.48,3,0.25
MB009X0US,9,REGRESO,POR MICROBUSES,URBANO,USULUTAN,3.16,2,0.25
MB013X0US,13,REGRESO,POR MICROBUSES,URBANO,USULUTAN,8.21,11,0.25
MB015X0US,15,REGRESO,POR MICROBUSES,URBANO,USULUTAN,12.99,11,0.25
MB775X0US,775,REGRESO,POR MICROBUSES,URBANO,USULUTAN,8.65,2,0.25
AB061X0AH,61,IDA,POR AUTOBUS,INTERURBANO,AHUACHAPAN,9.4,6,0.2
AB062X0AH,62,IDA,POR AUTOBUS,INTERURBANO,AHUACHAPAN,11.27,0,0.29
AB214A0AH,214-A,IDA,POR AUTOBUS,INTERURBANO,AHUACHAPAN,18.65,0,0.4
AB245X0AH,245,IDA,POR AUTOBUS,INTERURBANO,AHUACHAPAN,11.07,1,0.61
AB263X0AH,263,IDA,POR AUTOBUS,INTERURBANO,AHUACHAPAN,15.78,7,0.41
AB264A0AH,264-A,IDA,POR AUTOBUS,INTERURBANO,AHUACHAPAN,12.07,2,0.74
AB264X0AH,264,REGRESO,POR AUTOBUS,INTERURBANO,AHUACHAPAN,18.82,14,0.59
AB288X0AH,288,IDA,POR AUTOBUS,INTERURBANO,AHUACHAPAN,86.47,1,1.17
AB290B0AH,290-B,REGRESO,POR AUTOBUS,INTERURBANO,AHUACHAPAN,24.73,1,0.74
AB504X0AH,504,IDA,POR AUTOBUS,INTERURBANO,AHUACHAPAN,8.64,1,0.59
AB811X0AH,811,IDA,POR AUTOBUS,INTERURBANO,AHUACHAPAN,19.12,3,0.65
AB814X0AH,814,IDA,POR AUTOBUS,INTERURBANO,AHUACHAPAN,11.69,1,0.55
MB001X0AH,1,IDA,POR MICROBUSES,INTERURBANO,AHUACHAPAN,7.43,2,0.25
MB002X0AH,2,IDA,POR MICROBUSES,INTERURBANO,AHUACHAPAN,11.01,4,0.25
MB005X0AH,5,IDA,POR MICROBUSES,INTERURBANO,AHUACHAPAN,4.15,3,0.25
MB006X0AH,6,IDA,POR MICROBUSES,INTERURBANO,AHUACHAPAN,6.46,2,0.25
MB007X0AH,7,REGRESO,POR MICROBUSES,INTERURBANO,AHUACHAPAN,7.86,9,0.25
MB008X0AH,8,IDA,POR MICROBUSES,INTERURBANO,AHUACHAPAN,3.97,7,0.25
MB009X0AH,9,IDA,POR MICROBUSES,INTERURBANO,AHUACHAPAN,3.99,4,0.25
MB011X0AH,11,IDA,POR MICROBUSES,INTERURBANO,AHUACHAPAN,9.8,14,0.25
MB012X0AH,12,IDA,POR MICROBUSES,INTERURBANO,AHUACHAPAN,8.28,5,0.25
MB014X0AH,14,IDA,POR MICROBUSES,INTERURBANO,AHUACHAPAN,6.92,4,0.25
MB015X0AH,15,IDA,POR MICROBUSES,INTERURBANO,AHUACHAPAN,18.7,2,0.61
MB020X0AH,20,IDA,POR MICROBUSES,INTERURBANO,AHUACHAPAN,20.07,18,0.38
MB021X0AH,21,IDA,POR MICROBUSES,INTERURBANO,AHUACHAPAN,8.23,9,0.25
MB025X0AH,25,IDA,POR MICROBUSES,INTERURBANO,AHUACHAPAN,11.69,1,0.25
MB815X0AH,815,IDA,POR MICROBUSES,INTERURBANO,AHUACHAPAN,7.42,2,0.25
AB006X0CA,006-X,REGRESO,POR AUTOBUS,INTERURBANO,CABAÃAS,25.45,1,1
AB140X1CA,140,IDA,POR AUTOBUS,INTERURBANO,CABAÃAS,35.19,3,1.04
AB329X0CA,329,IDA,POR AUTOBUS,INTERURBANO,CABAÃAS,18.74,1,1.34
AB481A0CA,481-A,IDA,POR AUTOBUS,INTERURBANO,CABAÃAS,10.8,1,0.29
AB481B0CA,481-B,IDA,POR AUTOBUS,INTERURBANO,CABAÃAS,26.4,3,1.5
AB481X0CA,481,IDA,POR AUTOBUS,INTERURBANO,CABAÃAS,19.27,1,0.31
AB482X0CA,482,IDA,POR AUTOBUS,INTERURBANO,CABAÃAS,38.16,2,0.65
AB486X0CA,486,IDA,POR AUTOBUS,INTERURBANO,CABAÃAS,32.94,1,0.45
AB507C0CA,507-C,IDA,POR AUTOBUS,INTERURBANO,CABAÃAS,40.63,5,0.91
AB507E0CA,507-E,IDA,POR AUTOBUS,INTERURBANO,CABAÃAS,10.95,1,0.41
AB529X0CA,529,IDA,POR AUTOBUS,INTERURBANO,CABAÃAS,32.06,4,0.74
AB530X0CA,530,IDA,POR AUTOBUS,INTERURBANO,CABAÃAS,34.41,1,0.74
AB531X0CA,531,IDA,POR AUTOBUS,INTERURBANO,CABAÃAS,17.61,2,0.74
AB600X0CA,600,IDA,POR AUTOBUS,INTERURBANO,CABAÃAS,17.04,1,0.59
AB601X0CA,601,IDA,POR AUTOBUS,INTERURBANO,CABAÃAS,21.06,2,0.7
AB602X0CA,602,IDA,POR AUTOBUS,INTERURBANO,CABAÃAS,21.37,1,0.85
AB604X0CA,604,IDA,POR AUTOBUS,INTERURBANO,CABAÃAS,8.24,5,0.6
AB610X0CA,610,IDA,POR AUTOBUS,INTERURBANO,CABAÃAS,35.24,1,1.1
AB614X0CA,614,IDA,POR AUTOBUS,INTERURBANO,CABAÃAS,22.09,2,1
MB001X1CA,1,REGRESO,POR MICROBUSES,INTERURBANO,CABAÃAS,13.84,11,0.32
MB001X3CA,1,IDA,POR MICROBUSES,INTERURBANO,CABAÃAS,3.05,3,0.25
MB001X9CA,1,REGRESO,POR MICROBUSES,INTERURBANO,CABAÃAS,11.71,9,0.32
AB124B0CH,124-B,IDA,POR AUTOBUS,INTERURBANO,CHALATENANGO,12.25,2,0.44
AB295X0CH,295,REGRESO,POR AUTOBUS,INTERURBANO,CHALATENANGO,41.39,1,1.34
AB296X0CH,296,REGRESO,POR AUTOBUS,INTERURBANO,CHALATENANGO,30.03,2,0.91
AB300B0CH,300-B,REGRESO,POR AUTOBUS,INTERURBANO,CHALATENANGO,17.81,2,0.38
AB300B1CH,300-B,IDA,POR AUTOBUS,INTERURBANO,CHALATENANGO,21.24,1,0.8
AB489A0CH,489-A,IDA,POR AUTOBUS,INTERURBANO,CHALATENANGO,12.19,3,0.56
AB489A1CH,489-A,REGRESO,POR AUTOBUS,INTERURBANO,CHALATENANGO,18.86,1,1.01
AB489X0CH,489,REGRESO,POR AUTOBUS,INTERURBANO,CHALATENANGO,56.5,2,0.74
AB508A0CH,508-A,REGRESO,POR AUTOBUS,INTERURBANO,CHALATENANGO,11.0,2,0.74
AB508X0CH,508,IDA,POR AUTOBUS,INTERURBANO,CHALATENANGO,36.57,6,0.77
AB509X0CH,509,REGRESO,POR AUTOBUS,INTERURBANO,CHALATENANGO,17.8,2,1.52
AB542A0CH,542-A,IDA,POR AUTOBUS,INTERURBANO,CHALATENANGO,18.22,3,0.9
AB542C0CH,542-C,IDA,POR AUTOBUS,INTERURBANO,CHALATENANGO,38.29,1,1.17
AB542D0CH,542-D,REGRESO,POR AUTOBUS,INTERURBANO,CHALATENANGO,4.85,2,0.31
AB542E0CH,542-E,IDA,POR AUTOBUS,INTERURBANO,CHALATENANGO,27.94,4,1.3
AB542X0CH,542,REGRESO,POR AUTOBUS,INTERURBANO,CHALATENANGO,26.98,2,0.74
AB615X0CH,615,IDA,POR AUTOBUS,INTERURBANO,CHALATENANGO,33.15,2,0.74
AB617X0CH,617,REGRESO,POR AUTOBUS,INTERURBANO,CHALATENANGO,18.75,1,1.18
AB618X0CH,618,REGRESO,POR AUTOBUS,INTERURBANO,CHALATENANGO,25.04,3,0.9
AB619X0CH,619,REGRESO,POR AUTOBUS,INTERURBANO,CHALATENANGO,5.0,1,0.41
AB620X0CH,620,IDA,POR AUTOBUS,INTERURBANO,CHALATENANGO,6.28,0,0.38
AB626X0CH,626,REGRESO,POR AUTOBUS,INTERURBANO,CHALATENANGO,28.16,3,0.74
AB628X0CH,628,REGRESO,POR AUTOBUS,INTERURBANO,CHALATENANGO,19.83,2,0.59
AB629A0CH,629-A,IDA,POR AUTOBUS,INTERURBANO,CHALATENANGO,23.86,2,0.74
AB633X0CH,633,IDA,POR AUTOBUS,INTERURBANO,CHALATENANGO,27.55,1,1.25
AB639X0CH,639,REGRESO,POR AUTOBUS,INTERURBANO,CHALATENANGO,35.66,4,1.5
AB644X0CH,644,IDA,POR AUTOBUS,INTERURBANO,CHALATENANGO,32.45,2,1
MB002X0CH,2,IDA,POR MICROBUSES,INTERURBANO,CHALATENANGO,5.56,3,0.25
AB175A1CU,175-A,Ida,POR AUTOBUS,INTERURBANO,CUSCATLAN,7.73,3,0.38
AB175B0CU,175-B,Ida,POR AUTOBUS,INTERURBANO,CUSCATLAN,13.38,1,0.38
AB175X0CU,175,Ida,POR AUTOBUS,INTERURBANO,CUSCATLAN,13.91,2,0.31
AB175X1CU,175,Ida,POR AUTOBUS,INTERURBANO,CUSCATLAN,11.57,2,0.31
AB179X0CU,179,Ida,POR AUTOBUS,INTERURBANO,CUSCATLAN,12.83,14,0.39
AB179X1CU,179,Ida,POR AUTOBUS,INTERURBANO,CUSCATLAN,9.69,1,0.44
AB198X0CU,198,Ida,POR AUTOBUS,INTERURBANO,CUSCATLAN,14.88,4,0.31
AB199A0CU,199-A,Ida,POR AUTOBUS,INTERURBANO,CUSCATLAN,8.76,2,0.38
AB199X0CU,199,Ida,POR AUTOBUS,INTERURBANO,CUSCATLAN,14.88,7,0.44
AB502X0CU,502,Ida,POR AUTOBUS,INTERURBANO,CUSCATLAN,20.19,8,0.52
AB510X0CU,510,Ida,POR AUTOBUS,INTERURBANO,CUSCATLAN,5.76,1,0.22
AB515A0CU,515-A,Ida,POR AUTOBUS,INTERURBANO,CUSCATLAN,14.76,3,0.4
AB515X0CU,515,Ida,POR AUTOBUS,INTERURBANO,CUSCATLAN,11.33,12,0.31
AB515X1CU,515,Ida,POR AUTOBUS,INTERURBANO,CUSCATLAN,7.16,2,0.3
AB517A0CU,517-A,Ida,POR AUTOBUS,INTERURBANO,CUSCATLAN,8.29,2,0.31
AB517X0CU,517,Ida,POR AUTOBUS,INTERURBANO,CUSCATLAN,13.41,7,0.39
AB577A0CU,577-A,Ida,POR AUTOBUS,INTERURBANO,CUSCATLAN,4.41,6,0.29
AB630X0CU,630,Ida,POR AUTOBUS,INTERURBANO,CUSCATLAN,11.94,1,0.38
AB633X0CU,633,IDA,POR AUTOBUS,INTERURBANO,CUSCATLAN,17.19,1,0.56
AB635X0CU,635,IDA,POR AUTOBUS,INTERURBANO,CUSCATLAN,19.91,1,0.7
AB636X0CU,636,IDA,POR AUTOBUS,INTERURBANO,CUSCATLAN,9.38,1,0.4
AB077X1LL,77,IDA,POR AUTOBUS,INTERURBANO,LA LIBERTAD,24.8,1,0.31
AB077X2LL,77,IDA,POR AUTOBUS,INTERURBANO,LA LIBERTAD,22.61,2,0.31
AB077X3LL,77,IDA,POR AUTOBUS,INTERURBANO,LA LIBERTAD,17.56,2,0.31
AB077X4LL,077-X,IDA,POR AUTOBUS,INTERURBANO,LA LIBERTAD,17.91,7,0.28
AB079X1ELL,79-X1E,IDA,POR AUTOBUS,INTERURBANO,LA LIBERTAD,25.25,2,0.75
AB084X0LL,84,IDA,POR AUTOBUS,INTERURBANO,LA LIBERTAD,20.35,1,0.56
AB096X0LL,96,IDA,POR AUTOBUS,INTERURBANO,LA LIBERTAD,18.98,3,0.41
AB099A0LL,99-A,IDA,POR AUTOBUS,INTERURBANO,LA LIBERTAD,5.24,2,0.29
AB103A0LL,103-A,IDA,POR AUTOBUS,INTERURBANO,LA LIBERTAD,32.94,5,0.6
AB103A1LL,103-A,IDA,POR AUTOBUS,INTERURBANO,LA LIBERTAD,32.87,1,0.45
AB103B0LL,103-B,IDA,POR AUTOBUS,INTERURBANO,LA LIBERTAD,15.08,5,0.39
AB104A0LL,104-A,IDA,POR AUTOBUS,INTERURBANO,LA LIBERTAD,32.68,3,0.59
AB104X0LL,104,IDA,POR AUTOBUS,INTERURBANO,LA LIBERTAD,20.63,13,0.59
AB108B0LL,108-B,IDA,POR AUTOBUS,INTERURBANO,LA LIBERTAD,26.03,1,0.74
AB108C1LL,108-C,IDA,POR AUTOBUS,INTERURBANO,LA LIBERTAD,13.74,2,0.56
AB108C2LL,108-C,IDA,POR AUTOBUS,INTERURBANO,LA LIBERTAD,8.14,2,0.38
AB108C3LL,108-C,IDA,POR AUTOBUS,INTERURBANO,LA LIBERTAD,13.54,1,0.44
AB150X0LL,150,REGRESO,POR AUTOBUS,INTERURBANO,LA LIBERTAD,6.52,10,0.27
AB151X0LL,151,IDA,POR AUTOBUS,INTERURBANO,LA LIBERTAD,15.98,23,0.48
AB161X0LL,161,IDA,POR AUTOBUS,INTERURBANO,LA LIBERTAD,14.45,5,0.76
AB165A0LL,165-A,IDA,POR AUTOBUS,INTERURBANO,LA LIBERTAD,25.85,4,0.65
AB168X0LL,168,IDA,POR AUTOBUS,INTERURBANO,LA LIBERTAD,32.88,15,0.39
AB169X0LL,169,IDA,POR AUTOBUS,INTERURBANO,LA LIBERTAD,14.84,1,0.52
AB187A0LL,187-A,REGRESO,POR AUTOBUS,INTERURBANO,LA LIBERTAD,22.68,5,0.48
AB187B0LL,187-B,REGRESO,POR AUTOBUS,INTERURBANO,LA LIBERTAD,17.55,1,0.56
AB188X0LL,188,IDA,POR AUTOBUS,INTERURBANO,LA LIBERTAD,23.35,4,0.4
AB192A1LL,192-A,REGRESO,POR AUTOBUS,INTERURBANO,LA LIBERTAD,45.18,1,0.63
AB192B0LL,192-B,REGRESO,POR AUTOBUS,INTERURBANO,LA LIBERTAD,44.57,1,0.88
AB192X0LL,192,REGRESO,POR AUTOBUS,INTERURBANO,LA LIBERTAD,33.09,9,0.45
AB268X0LL,268,REGRESO,POR AUTOBUS,INTERURBANO,LA LIBERTAD,21.24,2,0.48
AB541A0LL,541-A,IDA,POR AUTOBUS,INTERURBANO,LA LIBERTAD,40.31,1,0.38
AB660X0LL,660,REGRESO,POR AUTOBUS,INTERURBANO,LA LIBERTAD,23.98,3,1.2
AB662X0LL,662,REGRESO,POR AUTOBUS,INTERURBANO,LA LIBERTAD,25.46,1,0.74
AB663X0LL,663,IDA,POR AUTOBUS,INTERURBANO,LA LIBERTAD,15.47,0,
AB663X1LL,663,REGRESO,POR AUTOBUS,INTERURBANO,LA LIBERTAD,15.69,1,0.5
AB668X0LL,668,REGRESO,POR AUTOBUS,INTERURBANO,LA LIBERTAD,22.13,3,0.75
AB672X0LL,672,REGRESO,POR AUTOBUS,INTERURBANO,LA LIBERTAD,26.08,2,1
AB673X0LL,673,IDA,POR AUTOBUS,INTERURBANO,LA LIBERTAD,35.04,3,1.15
AB674X0LL,674,REGRESO,POR AUTOBUS,INTERURBANO,LA LIBERTAD,30.47,2,0.7
AB675X0LL,675,IDA,POR AUTOBUS,INTERURBANO,LA LIBERTAD,8.05,1,0.35
MB004X0LL,4,IDA,POR MICROBUSES,INTERURBANO,LA LIBERTAD,14.24,14,0.32
MB014X0LL,14,IDA,POR MICROBUSES,INTERURBANO,LA LIBERTAD,26.48,11,0.37
MB015X1LL,15,IDA,POR MICROBUSES,INTERURBANO,LA LIBERTAD,5.48,17,0.75
MB017X0LL,17,IDA,POR MICROBUSES,INTERURBANO,LA LIBERTAD,15.59,13,0.4
MB018X0LL,18,IDA,POR MICROBUSES,INTERURBANO,LA LIBERTAD,6.55,5,0.3
MB168X0LL,168,IDA,POR MICROBUSES,INTERURBANO,LA LIBERTAD,32.99,16,0.56
AB000A1LP,A-1,IDA,POR AUTOBUS,INTERURBANO,LA PAZ,25.81,3,0.38
AB092X1LP,92,IDA,POR AUTOBUS,INTERURBANO,LA PAZ,10.19,16,0.2
AB153X0LP,153,IDA,POR AUTOBUS,INTERURBANO,LA PAZ,34.17,15,0.59
AB154A0LP,154-A,IDA,POR AUTOBUS,INTERURBANO,LA PAZ,24.76,2,0.56
AB193B0LP,193-B,IDA,POR AUTOBUS,INTERURBANO,LA PAZ,47.54,9,0.9
AB413X0LP,413,IDA,POR AUTOBUS,INTERURBANO,LA PAZ,45.85,1,0.39
AB455X1LP,455-1,IDA,POR AUTOBUS,INTERURBANO,LA PAZ,45.93,2,1.45
AB500X1LP,500,Ida,POR AUTOBUS,INTERURBANO,LA PAZ,39.02,1,0.9
AB505X0LP,505,IDA,POR AUTOBUS,INTERURBANO,LA PAZ,37.92,1,0.9
AB521A0LP,521-A,REGRESO,POR AUTOBUS,INTERURBANO,LA PAZ,25.41,2,0.74
AB521X0LP,521,IDA,POR AUTOBUS,INTERURBANO,LA PAZ,10.96,1,0.47
AB663X0LP,663,IDA,POR AUTOBUS,INTERURBANO,LA PAZ,24.87,1,0.74
AB666X0LP,666,REGRESO,POR AUTOBUS,INTERURBANO,LA PAZ,18.16,1,0.2
MB000A1LP,0-A,IDA,POR MICROBUSES,INTERURBANO,LA PAZ,26.38,24,0.43
MB000A2LP,0-A,IDA,POR MICROBUSES,INTERURBANO,LA PAZ,20.72,14,0.38
MB000A3LP,0-A,IDA,POR MICROBUSES,INTERURBANO,LA PAZ,25.91,6,0.38
AB328A0MO,328-A,IDA,POR AUTOBUS,INTERURBANO,MORAZAN,15.72,3,0.9
AB337A0MO,337-A,IDA,POR AUTOBUS,INTERURBANO,MORAZAN,11.36,6,0.63
AB337X0MO,337,IDA,POR AUTOBUS,INTERURBANO,MORAZAN,41.45,2,1.08
AB386A0MO,386-A,IDA,POR AUTOBUS,INTERURBANO,MORAZAN,18.11,1,1
AB399X0MO,399,IDA,POR AUTOBUS,INTERURBANO,MORAZAN,19.59,1,0.96
AB410A0MO,410-A,IDA,POR AUTOBUS,INTERURBANO,MORAZAN,15.01,1,0.9
AB410A1MO,410-A,IDA,POR AUTOBUS,INTERURBANO,MORAZAN,20.09,1,0.9
AB410X0MO,410,IDA,POR AUTOBUS,INTERURBANO,MORAZAN,14.14,4,0.9
AB486A0MO,486-A,IDA,POR AUTOBUS,INTERURBANO,MORAZAN,52.75,1,1.5
AB726X0MO,726,IDA,POR AUTOBUS,INTERURBANO,MORAZAN,8.14,1,0.61
AB727X0MO,727,IDA,POR AUTOBUS,INTERURBANO,MORAZAN,4.44,1,0.61
AB729X0MO,729,IDA,POR AUTOBUS,INTERURBANO,MORAZAN,18.99,3,1.08
AB734X0MO,734,IDA,POR AUTOBUS,INTERURBANO,MORAZAN,14.07,1,0.74
AB737X0MO,737,IDA,POR AUTOBUS,INTERURBANO,MORAZAN,15.23,3,0.97
AB738X0MO,738,IDA,POR AUTOBUS,INTERURBANO,MORAZAN,4.23,1,0.45
AB743X0MO,743,IDA,POR AUTOBUS,INTERURBANO,MORAZAN,18.65,2,1.35
AB744X0MO,744-X0,IDA,POR AUTOBUS,INTERURBANO,MORAZAN,5.43,0,0.9
MB003X0MO,3,IDA,POR MICROBUSES,INTERURBANO,MORAZAN,10.64,2,0.9
MB329X0MO,329,IDA,POR MICROBUSES,INTERURBANO,MORAZAN,39.56,8,1
AB059X0SA,59,IDA,POR AUTOBUS,INTERURBANO,SANTA ANA,17.39,11,0.31
AB211A0SA,211-A,REGRESO,POR AUTOBUS,INTERURBANO,SANTA ANA,12.41,3,0.56
AB211X0SA,211,IDA,POR AUTOBUS,INTERURBANO,SANTA ANA,21.41,2,0.54
AB212X0SA,212,REGRESO,POR AUTOBUS,INTERURBANO,SANTA ANA,15.77,1,0.45
AB217A0SA,217-A,IDA,POR AUTOBUS,INTERURBANO,SANTA ANA,34.14,2,0.91
AB217C0SA,217-C,IDA,POR AUTOBUS,INTERURBANO,SANTA ANA,27.54,1,0.74
AB217D0SA,217-D,IDA,POR AUTOBUS,INTERURBANO,SANTA ANA,17.94,1,0.45
AB217X0SA,217,REGRESO,POR AUTOBUS,INTERURBANO,SANTA ANA,27.97,2,0.74
AB218X0SA,218,REGRESO,POR AUTOBUS,INTERURBANO,SANTA ANA,17.9,41,0.26
AB218X1SA,218-1,REGRESO,POR AUTOBUS,INTERURBANO,SANTA ANA,17.9,0,0.45
AB220X0SA,220,REGRESO,POR AUTOBUS,INTERURBANO,SANTA ANA,28.92,11,0.43
AB222X0SA,222,IDA,POR AUTOBUS,INTERURBANO,SANTA ANA,15.08,3,0.39
AB226X0SA,226,IDA,POR AUTOBUS,INTERURBANO,SANTA ANA,11.96,1,0.48
AB227X0SA,227,IDA,POR AUTOBUS,INTERURBANO,SANTA ANA,16.27,1,0.48
AB228X0SA,228,IDA,POR AUTOBUS,INTERURBANO,SANTA ANA,18.36,1,0.48
AB229X0SA,229,IDA,POR AUTOBUS,INTERURBANO,SANTA ANA,15.51,1,0.48
AB230X0SA,230,IDA,POR AUTOBUS,INTERURBANO,SANTA ANA,11.99,0,0.85
AB232B0SA,232-B,IDA,POR AUTOBUS,INTERURBANO,SANTA ANA,18.59,3,0.59
AB232C0SA,232-C,IDA,POR AUTOBUS,INTERURBANO,SANTA ANA,18.59,3,0.74
AB233X0SA,233,IDA,POR AUTOBUS,INTERURBANO,SANTA ANA,10.16,3,0.41
AB234A0SA,234-A,IDA,POR AUTOBUS,INTERURBANO,SANTA ANA,17.12,1,0.7
AB234B0SA,234-B,IDA,POR AUTOBUS,INTERURBANO,SANTA ANA,15.09,2,0.45
AB234C0SA,234-C,IDA,POR AUTOBUS,INTERURBANO,SANTA ANA,9.27,1,0.56
AB234X0SA,234,IDA,POR AUTOBUS,INTERURBANO,SANTA ANA,13.02,11,0.41
AB235A0SA,235-A,REGRESO,POR AUTOBUS,INTERURBANO,SANTA ANA,70.29,2,0.8
AB235X0SA,235,IDA,POR AUTOBUS,INTERURBANO,SANTA ANA,66.69,37,0.8
AB235X1SA,235-1,IDA,POR AUTOBUS,INTERURBANO,SANTA ANA,66.69,0,
AB236X0SA,236,IDA,POR AUTOBUS,INTERURBANO,SANTA ANA,31.22,37,0.53
AB236XESA,236,IDA,POR AUTOBUS,INTERURBANO,SANTA ANA,31.22,1,0.7
AB237X0SA,237,IDA,POR AUTOBUS,INTERURBANO,SANTA ANA,26.85,3,0.43
AB242X0SA,242,REGRESO,POR AUTOBUS,INTERURBANO,SANTA ANA,28.92,13,0.43
AB247X0SA,247,REGRESO,POR AUTOBUS,INTERURBANO,SANTA ANA,11.1,5,0.33
AB248X0SA,248,REGRESO,POR AUTOBUS,INTERURBANO,SANTA ANA,40.76,3,0.7
AB274X0SA,274,IDA,POR AUTOBUS,INTERURBANO,SANTA ANA,7.91,2,0.45
AB282A0SA,282-A,IDA,POR AUTOBUS,INTERURBANO,SANTA ANA,43.07,0,
AB282A1SA,282-A1,IDA,POR AUTOBUS,INTERURBANO,SANTA ANA,39.77,1,1
AB282X0SA,282,IDA,POR AUTOBUS,INTERURBANO,SANTA ANA,39.77,16,0.74
AB282X1SA,282,IDA,POR AUTOBUS,INTERURBANO,SANTA ANA,39.77,1,1.25
AB283X0SA,283,IDA,POR AUTOBUS,INTERURBANO,SANTA ANA,38.78,2,1.04
AB289X0SA,289,IDA,POR AUTOBUS,INTERURBANO,SANTA ANA,48.26,1,0.8
AB294X0SA,294,IDA,POR AUTOBUS,INTERURBANO,SANTA ANA,15.7,1,0.48
AB299A0SA,299-A,IDA,POR AUTOBUS,INTERURBANO,SANTA ANA,32.72,2,0.64
AB299X0SA,299,IDA,POR AUTOBUS,INTERURBANO,SANTA ANA,28.84,5,0.59
AB440X0SA,440,IDA,POR AUTOBUS,INTERURBANO,SANTA ANA,16.29,2,0.7
AB441X0SA,441,IDA,POR AUTOBUS,INTERURBANO,SANTA ANA,27.82,2,0.74
AB451X0SA,451,IDA,POR AUTOBUS,INTERURBANO,SANTA ANA,1.97,2,0.41
AB452X0SA,452,IDA,POR AUTOBUS,INTERURBANO,SANTA ANA,30.39,2,0.52
AB453X0SA,453,IDA,POR AUTOBUS,INTERURBANO,SANTA ANA,11.95,3,0.63
AB454X0SA,454,IDA,POR AUTOBUS,INTERURBANO,SANTA ANA,4.43,1,0.45
AB457X0SA,457,IDA,POR AUTOBUS,INTERURBANO,SANTA ANA,137.11,5,0.8
AB467X0SA,467,IDA,POR AUTOBUS,INTERURBANO,SANTA ANA,17.87,2,0.45
AB470X0SA,470,IDA,POR AUTOBUS,INTERURBANO,SANTA ANA,19.87,1,0.67
AB496X0SA,496,IDA,POR AUTOBUS,INTERURBANO,SANTA ANA,32.65,1,1.04
AB519A0SA,519-A,IDA,POR AUTOBUS,INTERURBANO,SANTA ANA,30.76,0,0.7
AB519X0SA,519,IDA,POR AUTOBUS,INTERURBANO,SANTA ANA,29.46,2,0.54
AB527X0SA,527,REGRESO,POR AUTOBUS,INTERURBANO,SANTA ANA,33.63,2,0.53
AB802X0SA,802,IDA,POR AUTOBUS,INTERURBANO,SANTA ANA,10.94,2,0.7
AB806X0SA,806,IDA,POR AUTOBUS,INTERURBANO,SANTA ANA,1.97,1,0.41
MB018X0SA,18,IDA,POR MICROBUSES,INTERURBANO,SANTA ANA,7.28,4,0.5
MB019X0SA,19,IDA,POR MICROBUSES,INTERURBANO,SANTA ANA,5.09,5,0.43
MB020X0SA,20,IDA,POR MICROBUSES,INTERURBANO,SANTA ANA,4.98,8,0.25
MB021X0SA,21,IDA,POR MICROBUSES,INTERURBANO,SANTA ANA,2.9,6,0.25
MB059X0SA,59,IDA,POR MICROBUSES,INTERURBANO,SANTA ANA,16.65,4,0.4
MB812X0SA,812,IDA,POR MICROBUSES,INTERURBANO,SANTA ANA,8.98,1,0.3
AB001X0SM,1,REGRESO,POR AUTOBUS,INTERURBANO,SAN MIGUEL,16.01,1,2
AB090A0SM,90-A,IDA,POR AUTOBUS,INTERURBANO,SAN MIGUEL,11.67,1,0.22
AB090G0SM,90-G,IDA,POR AUTOBUS,INTERURBANO,SAN MIGUEL,13.05,4,0.25
AB090X0SM,90,IDA,POR AUTOBUS,INTERURBANO,SAN MIGUEL,16.47,26,0.34
AB315X0SM,315,IDA,POR AUTOBUS,INTERURBANO,SAN MIGUEL,32.86,1,0.8
AB316A0SM,316-A,IDA,POR AUTOBUS,INTERURBANO,SAN MIGUEL,67.25,3,2.17
AB316B0SM,316-B,IDA,POR AUTOBUS,INTERURBANO,SAN MIGUEL,53.74,3,1.52
AB316C0SM,316-C,IDA,POR AUTOBUS,INTERURBANO,SAN MIGUEL,57.01,4,1.91
AB316D0SM,316-D,IDA,POR AUTOBUS,INTERURBANO,SAN MIGUEL,31.6,4,0.88
AB316X0SM,316,IDA,POR AUTOBUS,INTERURBANO,SAN MIGUEL,40.2,4,1.17
AB316X1SM,316-1,REGRESO,POR AUTOBUS,INTERURBANO,SAN MIGUEL,40.33,2,1.75
AB317X0SM,317,IDA,POR AUTOBUS,INTERURBANO,SAN MIGUEL,54.68,9,1.41
AB318A0SM,318-A,IDA,POR AUTOBUS,INTERURBANO,SAN MIGUEL,57.87,5,1.91
AB318B0SM,318-B,IDA,POR AUTOBUS,INTERURBANO,SAN MIGUEL,68.41,1,2.17
AB318X0SM,318,IDA,POR AUTOBUS,INTERURBANO,SAN MIGUEL,41.83,3,1.52
AB319A0SM,319-A,IDA,POR AUTOBUS,INTERURBANO,SAN MIGUEL,36.09,1,0.92
AB319X0SM,319,IDA,POR AUTOBUS,INTERURBANO,SAN MIGUEL,31.27,2,0.8
AB320X0SM,320,IDA,POR AUTOBUS,INTERURBANO,SAN MIGUEL,41.25,10,1.04
AB325X0SM,325,IDA,POR AUTOBUS,INTERURBANO,SAN MIGUEL,16.83,2,0.59
AB326A0SM,326-A,REGRESO,POR AUTOBUS,INTERURBANO,SAN MIGUEL,30.77,2,0.86
AB338A0SM,338-A,IDA,POR AUTOBUS,INTERURBANO,SAN MIGUEL,28.47,1,0.59
AB338X0SM,338,IDA,POR AUTOBUS,INTERURBANO,SAN MIGUEL,25.61,4,0.63
AB367A0SM,367-A,IDA,POR AUTOBUS,INTERURBANO,SAN MIGUEL,37.29,4,1.3
AB367A1SM,367-A,REGRESO,POR AUTOBUS,INTERURBANO,SAN MIGUEL,33.72,1,1.18
AB367B0SM,367-B,IDA,POR AUTOBUS,INTERURBANO,SAN MIGUEL,32.02,1,0.66
AB367C0SM,367-C,IDA,POR AUTOBUS,INTERURBANO,SAN MIGUEL,41.06,0,0.97
AB367X0SM,367,IDA,POR AUTOBUS,INTERURBANO,SAN MIGUEL,28.13,4,0.74
AB369B0SM,369-B,IDA,POR AUTOBUS,INTERURBANO,SAN MIGUEL,16.01,2,0.46
AB369C0SM,369-C,IDA,POR AUTOBUS,INTERURBANO,SAN MIGUEL,8.84,1,0.48
AB369X0SM,369,IDA,POR AUTOBUS,INTERURBANO,SAN MIGUEL,12.43,1,0.46
AB388X0SM,388,IDA,POR AUTOBUS,INTERURBANO,SAN MIGUEL,19.7,6,0.7
AB389A0SM,389-A,IDA,POR AUTOBUS,INTERURBANO,SAN MIGUEL,15.58,1,0.63
AB389B0SM,389-B,IDA,POR AUTOBUS,INTERURBANO,SAN MIGUEL,9.77,3,0.45
AB389X0SM,389,IDA,POR AUTOBUS,INTERURBANO,SAN MIGUEL,10.21,2,0.48
AB445A0SM,445-A,IDA,POR AUTOBUS,INTERURBANO,SAN MIGUEL,25.64,2,0.95
AB445B0SM,445-B,IDA,POR AUTOBUS,INTERURBANO,SAN MIGUEL,35.93,0,0.97
AB445X0SM,445,REGRESO,POR AUTOBUS,INTERURBANO,SAN MIGUEL,23.29,1,0.59
AB468X0SM,468,IDA,POR AUTOBUS,INTERURBANO,SAN MIGUEL,27.61,2,0.7
AB506X0SM,506,IDA,POR AUTOBUS,INTERURBANO,SAN MIGUEL,15.86,2,0.37
AB714X0SM,714,IDA,POR AUTOBUS,INTERURBANO,SAN MIGUEL,39.77,1,2.75
AB751X0SM,751,IDA,POR AUTOBUS,INTERURBANO,SAN MIGUEL,24.33,2,0.59
AB753X0SM,753,IDA,POR AUTOBUS,INTERURBANO,SAN MIGUEL,14.35,1,0.6
AB755X0SM,755,IDA,POR AUTOBUS,INTERURBANO,SAN MIGUEL,17.78,0,0.45
AB756X0SM,756,IDA,POR AUTOBUS,INTERURBANO,SAN MIGUEL,19.98,1,0.61
AB759X0SM,759,IDA,POR AUTOBUS,INTERURBANO,SAN MIGUEL,10.11,1,0.45
MB001X0SM,1,IDA,POR MICROBUSES,INTERURBANO,SAN MIGUEL,16.19,1,0.4
MB016X0SM,16,IDA,POR MICROBUSES,INTERURBANO,SAN MIGUEL,25.61,17,0.5
AB053A0SO,53-A,IDA,POR AUTOBUS,INTERURBANO,SONSONATE,13.26,11,0.26
AB053A1SO,53-A,IDA,POR AUTOBUS,INTERURBANO,SONSONATE,9.06,21,0.2
AB053B0SO,53-B,REGRESO,POR AUTOBUS,INTERURBANO,SONSONATE,4.75,17,0.23
AB053D0SO,53-D,IDA,POR AUTOBUS,INTERURBANO,SONSONATE,12.8,38,0.26
AB053F0SO,53-F,REGRESO,POR AUTOBUS,INTERURBANO,SONSONATE,11.15,4,0.34
AB053H0SO,53-H,IDA,POR AUTOBUS,INTERURBANO,SONSONATE,5.99,4,0.34
AB053J0SO,53-J,REGRESO,POR AUTOBUS,INTERURBANO,SONSONATE,9.58,7,0.26
AB053J1SO,53-J,IDA,POR AUTOBUS,INTERURBANO,SONSONATE,11.2,11,0.2
AB053K0SO,53-K,IDA,POR AUTOBUS,INTERURBANO,SONSONATE,5.18,12,0.2
AB219X0SO,219,IDA,POR AUTOBUS,INTERURBANO,SONSONATE,70.91,6,0.76
AB246A0SO,246-A,IDA,POR AUTOBUS,INTERURBANO,SONSONATE,15.21,1,0.59
AB252X0SO,252,IDA,POR AUTOBUS,INTERURBANO,SONSONATE,20.23,8,0.31
AB257X0SO,257,IDA,POR AUTOBUS,INTERURBANO,SONSONATE,25.06,4,0.45
AB258X0SO,258,IDA,POR AUTOBUS,INTERURBANO,SONSONATE,8.86,2,0.38
AB260A0SO,260-A,REGRESO,POR AUTOBUS,INTERURBANO,SONSONATE,28.62,1,0.45
AB260B0SO,260-B,IDA,POR AUTOBUS,INTERURBANO,SONSONATE,36.07,5,0.91
AB260BESO,260-B,IDA,POR AUTOBUS,INTERURBANO,SONSONATE,36.07,1,1.1
AB260X0SO,260,IDA,POR AUTOBUS,INTERURBANO,SONSONATE,25.15,4,0.45
AB270X0SO,270,IDA,POR AUTOBUS,INTERURBANO,SONSONATE,18.16,2,0.32
AB272X0SO,272,IDA,POR AUTOBUS,INTERURBANO,SONSONATE,41.06,2,0.76
AB279A0SO,279-A,IDA,POR AUTOBUS,INTERURBANO,SONSONATE,10.29,2,0.31
AB279X0SO,279,IDA,POR AUTOBUS,INTERURBANO,SONSONATE,10.22,3,0.31
AB281A0SO,281-A,IDA,POR AUTOBUS,INTERURBANO,SONSONATE,25.35,1,0.54
AB281B0SO,281-B,IDA,POR AUTOBUS,INTERURBANO,SONSONATE,38.16,1,0.74
AB281D0SO,281-D,<Nulo>,POR AUTOBUS,INTERURBANO,SONSONATE,,2,0.76
AB430X0SO,430,IDA,POR AUTOBUS,INTERURBANO,SONSONATE,14.43,10,0.45
AB434X0SO,434,IDA,POR AUTOBUS,INTERURBANO,SONSONATE,5.51,5,0.45
AB436A0SO,436-A,IDA,POR AUTOBUS,INTERURBANO,SONSONATE,15.91,1,0.65
AB436X0SO,436,IDA,POR AUTOBUS,INTERURBANO,SONSONATE,15.33,1,0.32
AB439X0SO,439,IDA,POR AUTOBUS,INTERURBANO,SONSONATE,39.52,2,0.9
AB490X0SO,490,IDA,POR AUTOBUS,INTERURBANO,SONSONATE,21.72,2,0.7
AB800X0SO,800,IDA,POR AUTOBUS,INTERURBANO,SONSONATE,15.72,2,0.59
AB803X0SO,803,IDA,POR AUTOBUS,INTERURBANO,SONSONATE,29.43,2,0.6
MB002X0SO,2,IDA,POR MICROBUSES,INTERURBANO,SONSONATE,3.49,11,0.25
MB004X0SO,4,IDA,POR MICROBUSES,INTERURBANO,SONSONATE,8.42,6,0.25
MB007X0SO,7,IDA,POR MICROBUSES,INTERURBANO,SONSONATE,5.63,2,0.25
MB252X0SO,252,IDA,POR MICROBUSES,INTERURBANO,SONSONATE,21.38,26,0.25
MB800X0SO,800,IDA,POR MICROBUSES,INTERURBANO,SONSONATE,15.76,2,0.5
AB012X0SS,12,IDA,POR AUTOBUS,INTERURBANO,SAN SALVADOR,17.34,14,0.23
AB017B0SS,17-B,IDA,POR AUTOBUS,INTERURBANO,SAN SALVADOR,36.26,11,0.29
AB039X0,39,IDA,POR AUTOBUS,INTERURBANO,SAN SALVADOR,16.52,3,0.38
AB115X0,115,REGRESO,POR AUTOBUS,INTERURBANO,SAN SALVADOR,27.11,20,0.4
AB117A0SS,117-A,IDA,POR AUTOBUS,INTERURBANO,SAN SALVADOR,45.8,6,0.59
AB117B0SS,117-B,IDA,POR AUTOBUS,INTERURBANO,SAN SALVADOR,33.05,0,0.59
AB117C0SS,117-C,REGRESO,POR AUTOBUS,INTERURBANO,SAN SALVADOR,15.66,1,0.48
AB117X0SS,117,IDA,POR AUTOBUS,INTERURBANO,SAN SALVADOR,37.72,33,0.5
AB173X0,173,IDA,POR AUTOBUS,INTERURBANO,SAN SALVADOR,19.13,1,0.39
AB190X0,190,IDA,POR AUTOBUS,INTERURBANO,SAN SALVADOR,15.38,13,0.41
MB004T0,4-T,IDA,POR MICROBUSES,INTERURBANO,SAN SALVADOR,11.27,36,0.25
MB011B0,11-B,IDA,POR MICROBUSES,INTERURBANO,SAN SALVADOR,18.38,22,0.25
MB017X0SS,17,IDA,POR MICROBUSES,INTERURBANO,SAN SALVADOR,21.59,32,0.52
MB039X0,39,IDA,POR MICROBUSES,INTERURBANO,SAN SALVADOR,16.54,13,0.43
MB115X0,115,REGRESO,POR MICROBUSES,INTERURBANO,SAN SALVADOR,26.56,15,0.46
MB140X3,140-3,IDA,POR MICROBUSES,INTERURBANO,SAN SALVADOR,74.73,23,0.46
MB900X1SS,900-1,IDA,POR MICROBUSES,INTERURBANO,SAN SALVADOR,25.94,2,0.6
AB156A0SV,156-A,IDA,POR AUTOBUS,INTERURBANO,SAN VICENTE,15.56,3,0.5
AB156A1SV,156-A1,IDA,POR AUTOBUS,INTERURBANO,SAN VICENTE,28.07,2,0.5
AB156E0SV,156-E,IDA,POR AUTOBUS,INTERURBANO,SAN VICENTE,21.39,1,0.74
AB156X0SV,156,IDA,POR AUTOBUS,INTERURBANO,SAN VICENTE,6.34,2,0.22
AB157A0SV,157-A,IDA,POR AUTOBUS,INTERURBANO,SAN VICENTE,21.44,2,0.9
AB157A1SV,157-A,IDA,POR AUTOBUS,INTERURBANO,SAN SALVADOR,23.52,0,0.9
AB157A2SV,157-A,IDA,POR AUTOBUS,INTERURBANO,SAN VICENTE,25.06,1,0.74
AB158X1SV,158-1,IDA,POR AUTOBUS,INTERURBANO,SAN VICENTE,62.67,2,0.93
AB159X0SV,159,IDA,POR AUTOBUS,INTERURBANO,SAN VICENTE,39.83,1,1.14
AB160X0SV,160,IDA,POR AUTOBUS,INTERURBANO,SAN VICENTE,25.86,3,0.59
AB176B0SV,176-B,IDA,POR AUTOBUS,INTERURBANO,SAN VICENTE,25.02,2,1.04
AB176B1SV,176-B,IDA,POR AUTOBUS,INTERURBANO,SAN VICENTE,13.1,3,0.59
AB177A0SV,177-A,IDA,POR AUTOBUS,INTERURBANO,SAN VICENTE,25.17,1,0.2
AB178A0SV,178-A,IDA,POR AUTOBUS,INTERURBANO,SAN VICENTE,19.48,2,0.38
AB191X0SV,191,IDA,POR AUTOBUS,INTERURBANO,SAN VICENTE,6.27,7,0.37
AB195X0SV,195,IDA,POR AUTOBUS,INTERURBANO,SAN VICENTE,49.79,4,0.9
AB195X1SV,195,IDA,POR AUTOBUS,INTERURBANO,SAN VICENTE,33.42,1,1.04
AB411X0SV,411,Ida,POR AUTOBUS,INTERURBANO,SAN VICENTE,94.43,1,1.3
AB412X0SV,412,IDA,POR AUTOBUS,INTERURBANO,SAN VICENTE,8.41,1,0.29
AB675X0SV,675,IDA,POR AUTOBUS,INTERURBANO,SAN VICENTE,15.53,1,0.38
AB679X0SV,679,IDA,POR AUTOBUS,INTERURBANO,SAN VICENTE,49.13,1,1.45
AB680X0SV,680,IDA,POR AUTOBUS,INTERURBANO,SAN VICENTE,18.47,1,0.59
AB681X0SV,681,REGRESO,POR AUTOBUS,INTERURBANO,SAN VICENTE,12.9,1,0.55
AB683X0SV,683,IDA,POR AUTOBUS,INTERURBANO,SAN VICENTE,22.83,1,0.7
AB081A0UN,81-A,IDA,POR AUTOBUS,INTERURBANO,LA UNION,15.72,1,0.6
AB202X0UN,202,REGRESO,POR AUTOBUS,INTERURBANO,LA UNION,14.42,1,1
AB331D0UN,331-D,IDA,POR AUTOBUS,INTERURBANO,LA UNION,35.66,1,0.97
AB339X0UN,339,REGRESO,POR AUTOBUS,INTERURBANO,LA UNION,38.51,3,0.74
AB342A0UN,342-A,REGRESO,POR AUTOBUS,INTERURBANO,LA UNION,16.58,1,0.77
AB342X0UN,342,REGRESO,POR AUTOBUS,INTERURBANO,LA UNION,54.91,25,0.96
AB364A0UN,364-A,REGRESO,POR AUTOBUS,INTERURBANO,LA UNION,9.79,1,0.61
AB365A0UN,365-A,REGRESO,POR AUTOBUS,INTERURBANO,LA UNION,92.23,1,1.08
AB374A0UN,374-A,REGRESO,POR AUTOBUS,INTERURBANO,LA UNION,29.28,3,1.31
AB375A0UN,375-A,REGRESO,POR AUTOBUS,INTERURBANO,LA UNION,6.85,2,0.49
AB375X0UN,375,REGRESO,POR AUTOBUS,INTERURBANO,LA UNION,6.88,5,0.61
AB382A0UN,382-A,IDA,POR AUTOBUS,INTERURBANO,LA UNION,10.36,3,0.65
AB382X0UN,382,IDA,POR AUTOBUS,INTERURBANO,LA UNION,5.78,7,0.27
AB383A0UN,383-A,IDA,POR AUTOBUS,INTERURBANO,LA UNION,16.33,1,0.52
AB383X0UN,383,IDA,POR AUTOBUS,INTERURBANO,LA UNION,41.69,16,0.97
AB391B1UN,391,IDA,POR AUTOBUS,INTERURBANO,LA UNION,32.48,1,1
AB393X0UN,393,IDA,POR AUTOBUS,INTERURBANO,LA UNION,44.9,1,0.77
AB420A0UN,420-A,REGRESO,POR AUTOBUS,INTERURBANO,LA UNION,70.75,5,0.97
AB420B0UN,420-B,REGRESO,POR AUTOBUS,INTERURBANO,LA UNION,24.88,1,1.04
AB421A0UN,421-A,REGRESO,POR AUTOBUS,INTERURBANO,LA UNION,12.83,1,0.94
AB421B0UN,421-B,REGRESO,POR AUTOBUS,INTERURBANO,LA UNION,23.82,2,0.65
AB421X0UN,421,REGRESO,POR AUTOBUS,INTERURBANO,LA UNION,29.69,5,0.86
AB422X0UN,422,REGRESO,POR AUTOBUS,INTERURBANO,LA UNION,15.34,1,1.15
AB473X0UN,473,REGRESO,POR AUTOBUS,INTERURBANO,LA UNION,16.67,4,0.77
AB476X0UN,476,IDA,POR AUTOBUS,INTERURBANO,LA UNION,43.02,2,1.04
AB478A0UN,478-A,IDA,POR AUTOBUS,INTERURBANO,LA UNION,18.67,1,0.59
AB478B0UN,478-B,REGRESO,POR AUTOBUS,INTERURBANO,LA UNION,45.58,1,0.7
AB478X0UN,478,IDA,POR AUTOBUS,INTERURBANO,LA UNION,65.07,2,1.24
AB485X0UN,485,REGRESO,POR AUTOBUS,INTERURBANO,LA UNION,46.79,1,1.51
AB487X0UN,487,REGRESO,POR AUTOBUS,INTERURBANO,LA UNION,26.21,1,0.65
AB525X0UN,525,IDA,POR AUTOBUS,INTERURBANO,LA UNION,41.62,1,0.59
AB528X0UN,528,REGRESO,POR AUTOBUS,INTERURBANO,LA UNION,15.62,1,0.4
AB537X0UN,537,REGRESO,POR AUTOBUS,INTERURBANO,LA UNION,24.53,1,0.81
AB700X0UN,700,REGRESO,POR AUTOBUS,INTERURBANO,LA UNION,35.71,1,1.39
AB707X0UN,707,REGRESO,POR AUTOBUS,INTERURBANO,LA UNION,11.94,1,0.56
AB712X0UN,712,IDA,POR AUTOBUS,INTERURBANO,LA UNION,6.81,1,0.25
AB713X0UN,713,REGRESO,POR AUTOBUS,INTERURBANO,LA UNION,9.92,3,1
MB003X0UN,3,REGRESO,POR MICROBUSES,INTERURBANO,LA UNION,16.43,2,0.25
AB089A0US,89-A,REGRESO,POR AUTOBUS,INTERURBANO,USULUTAN,16.54,8,0.22
AB089E0US,89-E,REGRESO,POR AUTOBUS,INTERURBANO,USULUTAN,12.24,5,0.22
AB089F0US,89-F,REGRESO,POR AUTOBUS,INTERURBANO,USULUTAN,9.11,3,0.2
AB089I0US,89-I,REGRESO,POR AUTOBUS,INTERURBANO,USULUTAN,1.94,1,0.2
AB089R0US,89-R,REGRESO,POR AUTOBUS,INTERURBANO,USULUTAN,11.89,1,0.22
AB298X0US,298,IDA,POR AUTOBUS,INTERURBANO,USULUTAN,9.02,3,0.44
AB347X0US,347,REGRESO,POR AUTOBUS,INTERURBANO,USULUTAN,31.84,3,0.65
AB348A0US,348-A,REGRESO,POR AUTOBUS,INTERURBANO,USULUTAN,37.56,4,1.08
AB348X0US,348,REGRESO,POR AUTOBUS,INTERURBANO,USULUTAN,55.66,6,1.12
AB349X0US,349,IDA,POR AUTOBUS,INTERURBANO,USULUTAN,36.4,4,0.88
AB350X0US,350,REGRESO,POR AUTOBUS,INTERURBANO,USULUTAN,14.87,16,0.46
AB351X0US,351,REGRESO,POR AUTOBUS,INTERURBANO,USULUTAN,49.12,2,0.88
AB354A0US,354-A,REGRESO,POR AUTOBUS,INTERURBANO,USULUTAN,20.55,1,0.45
AB354X0US,354,REGRESO,POR AUTOBUS,INTERURBANO,USULUTAN,11.72,5,0.44
AB354X1US,354-1,REGRESO,POR AUTOBUS,INTERURBANO,USULUTAN,11.72,1,0.6
AB357A0US,357-A,REGRESO,POR AUTOBUS,INTERURBANO,USULUTAN,25.52,1,0.63
AB357X0US,357,REGRESO,POR AUTOBUS,INTERURBANO,USULUTAN,56.5,3,1.04
AB358A0US,358-A,REGRESO,POR AUTOBUS,INTERURBANO,USULUTAN,41.07,1,0.86
AB358B0US,358-B,REGRESO,POR AUTOBUS,INTERURBANO,USULUTAN,40.17,2,0.86
AB358X0US,358,REGRESO,POR AUTOBUS,INTERURBANO,USULUTAN,38.61,7,0.86
AB359A0US,359-A,REGRESO,POR AUTOBUS,INTERURBANO,USULUTAN,27.34,4,0.59
AB359X0US,359,REGRESO,POR AUTOBUS,INTERURBANO,USULUTAN,9.41,2,0.29
AB362X0US,362,REGRESO,POR AUTOBUS,INTERURBANO,USULUTAN,46.96,5,0.8
AB363X0US,363,REGRESO,POR AUTOBUS,INTERURBANO,USULUTAN,33.01,28,0.48
AB366X0US,366,REGRESO,POR AUTOBUS,INTERURBANO,USULUTAN,14.81,1,0.38
AB368X0US,368,IDA,POR AUTOBUS,INTERURBANO,USULUTAN,23.8,12,0.91
AB370X0US,370,REGRESO,POR AUTOBUS,INTERURBANO,USULUTAN,55.84,3,0.88
AB372X0US,372,REGRESO,POR AUTOBUS,INTERURBANO,USULUTAN,1.59,2,0.59
AB378A0US,378-A,REGRESO,POR AUTOBUS,INTERURBANO,USULUTAN,63.84,2,0.74
AB447X0US,447,REGRESO,POR AUTOBUS,INTERURBANO,USULUTAN,11.71,3,0.74
AB488X0US,488,REGRESO,POR AUTOBUS,INTERURBANO,USULUTAN,13.38,7,0.52
AB781X0US,781,REGRESO,POR AUTOBUS,INTERURBANO,USULUTAN,11.09,1,0.31
AB782X0US,782,REGRESO,POR AUTOBUS,INTERURBANO,USULUTAN,20.07,1,0.32
AB784X0US,784,REGRESO,POR AUTOBUS,INTERURBANO,USULUTAN,7.78,2,0.45
AB786X0US,786,REGRESO,POR AUTOBUS,INTERURBANO,USULUTAN,2.82,1,0.31
AB787X0US,787,REGRESO,POR AUTOBUS,INTERURBANO,USULUTAN,8.05,1,0.2
AB788X0US,788,REGRESO,POR AUTOBUS,INTERURBANO,USULUTAN,5.78,2,0.31
AB790X0US,790,REGRESO,POR AUTOBUS,INTERURBANO,USULUTAN,1.63,1,0.25
MB011X0US,11,REGRESO,POR MICROBUSES,INTERURBANO,USULUTAN,8.52,2,0.25
MB014X0US,14,REGRESO,POR MICROBUSES,INTERURBANO,USULUTAN,10.46,16,0.25
MB016X0US,16,REGRESO,POR MICROBUSES,INTERURBANO,USULUTAN,13.21,1,0.31
MB019X0US,19,REGRESO,POR MICROBUSES,INTERURBANO,USULUTAN,12.68,2,0.25
MB777X0US,777,REGRESO,POR MICROBUSES,INTERURBANO,USULUTAN,3.89,1,0.25
AB202A0AH,202-A,IDA,POR AUTOBUS,INTERDEPARTAMENTAL,AHUACHAPAN,93.91,1,1
AB202D0AH,202-D,IDA,POR AUTOBUS,INTERDEPARTAMENTAL,AHUACHAPAN,93.91,11,1.5
AB202L0AH,202-L0,IDA,POR AUTOBUS,INTERDEPARTAMENTAL,AHUACHAPAN,93.99,5,2.5
AB202X0AH,202,IDA,POR AUTOBUS,INTERDEPARTAMENTAL,AHUACHAPAN,93.91,76,1.04
AB202X1AH,202-1,IDA,POR AUTOBUS,INTERDEPARTAMENTAL,AHUACHAPAN,93.91,12,1.6
AB243X0AH,243-X,REGRESO,POR AUTOBUS,INTERDEPARTAMENTAL,AHUACHAPAN,40.68,1,1.2
AB278A0AH,278-A,IDA,POR AUTOBUS,INTERDEPARTAMENTAL,AHUACHAPAN,41.09,3,0.9
AB278X0AH,278,IDA,POR AUTOBUS,INTERDEPARTAMENTAL,AHUACHAPAN,69.17,7,0.9
AB406X0AH,406,IDA,POR AUTOBUS,INTERDEPARTAMENTAL,AHUACHAPAN,116.81,10,1.1
AB456A0AH,456-A,IDA,POR AUTOBUS,INTERDEPARTAMENTAL,AHUACHAPAN,83.48,4,1.04
AB456D0AH,456-D,IDA,POR AUTOBUS,INTERDEPARTAMENTAL,AHUACHAPAN,82.58,1,1.25
AB111X0CA,111,Ida,POR AUTOBUS,INTERDEPARTAMENTAL,CABAÃAS,47.64,33,0.74
AB111X1CA,111-1,Ida,POR AUTOBUS,INTERDEPARTAMENTAL,CABAÃAS,48.79,4,0.9
AB112A0CA,112-A,Ida,POR AUTOBUS,INTERDEPARTAMENTAL,CABAÃAS,76.3,5,1.04
AB112B0CA,112-B,Ida,POR AUTOBUS,INTERDEPARTAMENTAL,CABAÃAS,94.86,8,1.14
AB112B1CA,112-B,Ida,POR AUTOBUS,INTERDEPARTAMENTAL,CABAÃAS,94.86,1,1.35
AB112X0CA,112,Ida,POR AUTOBUS,INTERDEPARTAMENTAL,CABAÃAS,76.3,32,1.04
AB142X0CA,142,Ida,POR AUTOBUS,INTERDEPARTAMENTAL,CABAÃAS,56.95,9,0.99
AB181A0CA,181-A,Ida,POR AUTOBUS,INTERDEPARTAMENTAL,CABAÃAS,88.87,3,1.34
AB181X0CA,181,Ida,POR AUTOBUS,INTERDEPARTAMENTAL,CABAÃAS,88.87,3,1.34
AB507A0CA,507-A,Ida,POR AUTOBUS,INTERDEPARTAMENTAL,CABAÃAS,70.97,1,1.04
AB518X0CA,518,Ida,POR AUTOBUS,INTERDEPARTAMENTAL,CABAÃAS,64.64,2,1.3
AB111A0CH,111-A,Regreso,POR AUTOBUS,INTERDEPARTAMENTAL,CHALATENANGO,81.41,1,0.9
AB118X0CH,118,IDA,POR AUTOBUS,INTERDEPARTAMENTAL,CHALATENANGO,28.96,3,0.9
AB119X0CH,119,IDA,POR AUTOBUS,INTERDEPARTAMENTAL,CHALATENANGO,93.8,24,1.67
AB120X0CH,120,IDA,POR AUTOBUS,INTERDEPARTAMENTAL,CHALATENANGO,63.31,5,0.9
AB124X0CH,124,IDA,POR AUTOBUS,INTERDEPARTAMENTAL,CHALATENANGO,71.98,12,0.96
AB125A0CH,125-A,IDA,POR AUTOBUS,INTERDEPARTAMENTAL,CHALATENANGO,88.87,0,0.97
AB125A1CH,125-A,IDA,POR AUTOBUS,INTERDEPARTAMENTAL,CHALATENANGO,88.87,1,1.16
AB125C0CH,125-C,IDA,POR AUTOBUS,INTERDEPARTAMENTAL,CHALATENANGO,82.89,1,1.34
AB125D0CH,125-D,IDA,POR AUTOBUS,INTERDEPARTAMENTAL,CHALATENANGO,112.97,1,0.97
AB125D1CH,125-D1,IDA,POR AUTOBUS,INTERDEPARTAMENTAL,CHALATENANGO,77.95,7,1.5
AB125X0CH,125,IDA,POR AUTOBUS,INTERDEPARTAMENTAL,CHALATENANGO,77.95,25,0.86
AB125X1CH,125,IDA,POR AUTOBUS,INTERDEPARTAMENTAL,CHALATENANGO,77.95,11,2.5
AB126A0CH,126-A,IDA,POR AUTOBUS,INTERDEPARTAMENTAL,CHALATENANGO,92.05,2,1.02
AB126X0CH,126,IDA,POR AUTOBUS,INTERDEPARTAMENTAL,CHALATENANGO,78.27,1,1.04
AB127X0CH,127,IDA,POR AUTOBUS,INTERDEPARTAMENTAL,CHALATENANGO,62.14,3,1.04
AB137X0CH,137,IDA,POR AUTOBUS,INTERDEPARTAMENTAL,CHALATENANGO,91.71,2,0.91
AB141X0CH,141,IDA,POR AUTOBUS,INTERDEPARTAMENTAL,CHALATENANGO,68.85,25,0.99
AB141X1CH,141-X1,IDA,POR AUTOBUS,INTERDEPARTAMENTAL,CHALATENANGO,68.85,2,2.05
AB170X0CH,170,IDA,POR AUTOBUS,INTERDEPARTAMENTAL,CHALATENANGO,68.98,10,0.91
AB174X0CH,174,IDA,POR AUTOBUS,INTERDEPARTAMENTAL,CHALATENANGO,76.35,3,0.97
AB180X0CH,180,IDA,POR AUTOBUS,INTERDEPARTAMENTAL,CHALATENANGO,62.72,3,0.77
AB189X0CH,189,IDA,POR AUTOBUS,INTERDEPARTAMENTAL,CHALATENANGO,106.56,1,1.17
AB423X0CH,423,IDA,POR AUTOBUS,INTERDEPARTAMENTAL,CHALATENANGO,21.76,1,0.59
AB507A1CH,507-A,IDA,POR AUTOBUS,INTERDEPARTAMENTAL,CHALATENANGO,42.29,1,1.04
AB507X0CH,507,IDA,POR AUTOBUS,INTERDEPARTAMENTAL,CHALATENANGO,37.28,1,1.04
AB625X0CH,625,IDA,POR AUTOBUS,INTERDEPARTAMENTAL,CHALATENANGO,56.26,1,2.04
AB640X0CH,640,REGRESO,POR AUTOBUS,INTERDEPARTAMENTAL,CHALATENANGO,29.38,0,0.79
AB113X0CU,113,Ida,POR AUTOBUS,INTERDEPARTAMENTAL,CUSCATLAN,29.44,86,0.49
AB113XECU,113-XE,Ida,POR AUTOBUS,INTERDEPARTAMENTAL,CUSCATLAN,30.43,7,0.69
AB114X0CU,114,Ida,POR AUTOBUS,INTERDEPARTAMENTAL,CUSCATLAN,48.14,2,0.59
AB123A0CU,123-A,IDA,POR AUTOBUS,INTERDEPARTAMENTAL,CUSCATLAN,32.57,1,0.59
AB123X0CU,123,IDA,POR AUTOBUS,INTERDEPARTAMENTAL,CUSCATLAN,30.2,6,0.59
AB129X0CU,129,IDA,POR AUTOBUS,INTERDEPARTAMENTAL,CUSCATLAN,39.78,28,0.6
AB144A0CU,144-A,IDA,POR AUTOBUS,INTERDEPARTAMENTAL,CUSCATLAN,24.4,5,0.59
AB144B0CU,144-B,IDA,POR AUTOBUS,INTERDEPARTAMENTAL,CUSCATLAN,28.2,2,0.59
AB144C0CU,144-C,IDA,POR AUTOBUS,INTERDEPARTAMENTAL,CUSCATLAN,22.44,1,0.47
AB144C1CU,144-C,IDA,POR AUTOBUS,INTERDEPARTAMENTAL,CUSCATLAN,23.45,1,0.52
AB144D0CU,144-D,IDA,POR AUTOBUS,INTERDEPARTAMENTAL,CUSCATLAN,26.69,1,0.54
AB144X0CU,144,IDA,POR AUTOBUS,INTERDEPARTAMENTAL,CUSCATLAN,17.6,12,0.44
AB145X0CU,145,IDA,POR AUTOBUS,INTERDEPARTAMENTAL,CUSCATLAN,16.39,29,0.31
AB163X0CU,163,IDA,POR AUTOBUS,INTERDEPARTAMENTAL,CUSCATLAN,20.85,10,0.74
AB175C0CU,175,Ida,POR AUTOBUS,INTERDEPARTAMENTAL,CUSCATLAN,34.7,1,0.5
AB186B0CU,186-B,Ida,POR AUTOBUS,INTERDEPARTAMENTAL,CUSCATLAN,26.88,7,0.59
AB186X0CU,186,Ida,POR AUTOBUS,INTERDEPARTAMENTAL,CUSCATLAN,29.96,8,0.59
AB198A0CU,198-A,Ida,POR AUTOBUS,INTERDEPARTAMENTAL,CUSCATLAN,42.81,1,0.76
AB426A0CU,426-A,Regreso,POR AUTOBUS,INTERDEPARTAMENTAL,CUSCATLAN,39.99,2,0.74
AB426X0CU,426,Regreso,POR AUTOBUS,INTERDEPARTAMENTAL,CUSCATLAN,42.24,2,0.74
AB510A0CU,510-A,Regreso,POR AUTOBUS,INTERDEPARTAMENTAL,CUSCATLAN,35.2,2,0.59
AB522X0CU,522,IDA,POR AUTOBUS,INTERDEPARTAMENTAL,CUSCATLAN,24.04,2,0.59
AB524X0CU,524,IDA,POR AUTOBUS,INTERDEPARTAMENTAL,CUSCATLAN,28.63,4,0.45
AB533X0CU,533,Regreso,POR AUTOBUS,INTERDEPARTAMENTAL,CUSCATLAN,36.66,7,0.59
MB001X0CU,1,Ida,POR MICROBUSES,INTERDEPARTAMENTAL,CUSCATLAN,17.28,11,0.32
MB140X6CU,140-6,IDA,POR MICROBUSES,INTERDEPARTAMENTAL,CUSCATLAN,21.36,6,0.35
MB140X8CU,140-X8,IDA,POR MICROBUSES,INTERDEPARTAMENTAL,CUSCATLAN,21.36,8,0.35
AB079X1LL,79,IDA,POR AUTOBUS,INTERDEPARTAMENTAL,LA LIBERTAD,34.96,14,0.45
AB079X2LL,79,IDA,POR AUTOBUS,INTERDEPARTAMENTAL,LA LIBERTAD,25.86,11,0.45
AB079X3ELL,79-X3E,REGRESO,POR AUTOBUS,INTERDEPARTAMENTAL,LA LIBERTAD,31.96,10,0.75
AB079X4ELL,79-X4E,IDA,POR AUTOBUS,INTERDEPARTAMENTAL,LA LIBERTAD,24.18,3,0.75
AB079X4LL,79,IDA,POR AUTOBUS,INTERDEPARTAMENTAL,LA LIBERTAD,24.18,12,0.45
AB100X0LL,100,IDA,POR AUTOBUS,INTERDEPARTAMENTAL,LA LIBERTAD,36.61,3,0.52
AB102A0LL,102-A,IDA,POR AUTOBUS,INTERDEPARTAMENTAL,LA LIBERTAD,46.97,2,0.81
AB102B0LL,102-B,IDA,POR AUTOBUS,INTERDEPARTAMENTAL,LA LIBERTAD,43.75,1,0.74
AB102X0LL,102,IDA,POR AUTOBUS,INTERDEPARTAMENTAL,LA LIBERTAD,36.91,14,0.59
AB102X1LL,102,IDA,POR AUTOBUS,INTERDEPARTAMENTAL,LA LIBERTAD,35.86,45,0.59
AB105X0LL,105,IDA,POR AUTOBUS,INTERDEPARTAMENTAL,LA LIBERTAD,39.38,20,0.59
AB106X0LL,106,IDA,POR AUTOBUS,INTERDEPARTAMENTAL,LA LIBERTAD,35.67,18,0.59
AB108A0LL,108-A,IDA,POR AUTOBUS,INTERDEPARTAMENTAL,LA LIBERTAD,53.54,18,0.85
AB108C0LL,108-C,IDA,POR AUTOBUS,INTERDEPARTAMENTAL,LA LIBERTAD,34.59,2,0.7
AB108D0LL,108-D,IDA,POR AUTOBUS,INTERDEPARTAMENTAL,LA LIBERTAD,67.56,2,0.97
AB108X0LL,108,IDA,POR AUTOBUS,INTERDEPARTAMENTAL,LA LIBERTAD,38.86,41,0.56
AB108XELL,108-XE,IDA,POR AUTOBUS,INTERDEPARTAMENTAL,LA LIBERTAD,38.86,2,1.1
AB109X0LL,109,REGRESO,POR AUTOBUS,INTERDEPARTAMENTAL,LA LIBERTAD,35.89,27,0.41
AB109X1LL,109,IDA,POR AUTOBUS,INTERDEPARTAMENTAL,LA LIBERTAD,21.44,15,0.41
AB165X0LL,165,REGRESO,POR AUTOBUS,INTERDEPARTAMENTAL,LA LIBERTAD,33.81,4,0.56
AB184X0LL,184,IDA,POR AUTOBUS,INTERDEPARTAMENTAL,LA LIBERTAD,33.48,12,0.59
AB192A0LL,192-A,IDA,POR AUTOBUS,INTERDEPARTAMENTAL,LA LIBERTAD,65.59,5,1.34
AB483X0LL,483,IDA,POR AUTOBUS,INTERDEPARTAMENTAL,LA LIBERTAD,58.07,2,1.17
AB540X0LL,540,REGRESO,POR AUTOBUS,INTERDEPARTAMENTAL,LA LIBERTAD,54.32,4,0.74
AB677X0LL,677,IDA,POR AUTOBUS,INTERDEPARTAMENTAL,LA LIBERTAD,21.13,2,1.25
MB003X0LL,3,REGRESO,POR MICROBUSES,INTERDEPARTAMENTAL,LA LIBERTAD,21.55,39,0.32
MB100A0LL,100-A,REGRESO,POR MICROBUSES,INTERDEPARTAMENTAL,LA LIBERTAD,37.22,9,0.61
MB100X0LL,100,REGRESO,POR MICROBUSES,INTERDEPARTAMENTAL,LA LIBERTAD,36.66,34,0.61
MB102A1LL,102-A,IDA,POR MICROBUSES,INTERDEPARTAMENTAL,LA LIBERTAD,56.55,21,1.5
MB109X1ELL,109-X1E,IDA,POR MICROBUSES,INTERDEPARTAMENTAL,LA LIBERTAD,21.87,14,0.8
MB109X1LL,109-1,IDA,POR MICROBUSES,INTERDEPARTAMENTAL,LA LIBERTAD,21.44,25,0.6
MB109XELL,109-XE,REGRESO,POR MICROBUSES,INTERDEPARTAMENTAL,LA LIBERTAD,26.38,10,0.66
AB092X0LP,92,IDA,POR AUTOBUS,INTERDEPARTAMENTAL,LA PAZ,18.77,13,0.22
AB128X0LP,128,IDA,POR AUTOBUS,INTERDEPARTAMENTAL,LA PAZ,18.17,11,0.56
AB131X0LP,131,IDA,POR AUTOBUS,INTERDEPARTAMENTAL,LA PAZ,43.46,8,0.63
AB132X0LP,132,REGRESO,POR AUTOBUS,INTERDEPARTAMENTAL,LA PAZ,29.29,12,0.65
AB133A0LP,133-A,IDA,POR AUTOBUS,INTERDEPARTAMENTAL,LA PAZ,54.97,43,0.74
AB133B0LP,133-B,IDA,POR AUTOBUS,INTERDEPARTAMENTAL,LA PAZ,52.79,57,0.74
AB133D0LP,133-D,IDA,POR AUTOBUS,INTERDEPARTAMENTAL,LA PAZ,54.97,1,0.82
AB133X0LP,133-X,REGRESO,POR AUTOBUS,INTERDEPARTAMENTAL,LA PAZ,56.62,4,1.25
AB134X0LP,134,IDA,POR AUTOBUS,INTERDEPARTAMENTAL,LA PAZ,53.2,4,0.74
AB134X1LP,134-1,IDA,POR AUTOBUS,INTERDEPARTAMENTAL,LA PAZ,57.27,1,0.74
AB135A0LP,135-A,IDA,POR AUTOBUS,INTERDEPARTAMENTAL,LA PAZ,63.33,2,0.9
AB135X0LP,135,IDA,POR AUTOBUS,INTERDEPARTAMENTAL,LA PAZ,58.37,5,0.86
AB135X1LP,135-X1,IDA,POR AUTOBUS,INTERDEPARTAMENTAL,LA PAZ,58.37,1,1.35
AB138X0LP,138,IDA,POR AUTOBUS,INTERDEPARTAMENTAL,LA PAZ,32.1,1,0.74
AB146X0LP,146,IDA,POR AUTOBUS,INTERDEPARTAMENTAL,LA PAZ,37.17,3,0.96
AB149X0LP,149,IDA,POR AUTOBUS,INTERDEPARTAMENTAL,LA PAZ,42.57,2,0.74
AB166A0LP,166-A,IDA,POR AUTOBUS,INTERDEPARTAMENTAL,LA PAZ,42.86,1,0.59
AB171X0LP,171,IDA,POR AUTOBUS,INTERDEPARTAMENTAL,,56.04,2,0.77
AB193D0LP,193-D,IDA,POR AUTOBUS,INTERDEPARTAMENTAL,LA PAZ,35.47,1,0.86
AB414X0LP,414,IDA,POR AUTOBUS,INTERDEPARTAMENTAL,LA PAZ,37.17,1,0.9
AB495A0LP,495-A,IDA,POR AUTOBUS,INTERDEPARTAMENTAL,LA PAZ,69.45,3,1.18
AB495X0LP,495,IDA,POR AUTOBUS,INTERDEPARTAMENTAL,LA PAZ,69.45,10,1.18
AB500X0LP,500,Ida,POR AUTOBUS,INTERDEPARTAMENTAL,LA PAZ,33.03,2,0.9
AB501X1LP,501,Ida,POR AUTOBUS,INTERDEPARTAMENTAL,LA PAZ,66.15,1,0
AB514X0LP,514,IDA,POR AUTOBUS,INTERDEPARTAMENTAL,LA PAZ,37.73,1,0.82
MB138A0LP,138-A,IDA,POR MICROBUSES,INTERDEPARTAMENTAL,LA PAZ,36.36,8,0.61
MB138X0LP,138,IDA,POR MICROBUSES,INTERDEPARTAMENTAL,LA PAZ,49.25,18,0.74
MB138X1LP,138,IDA,POR MICROBUSES,INTERDEPARTAMENTAL,LA PAZ,44.63,21,0.61
MB400X0LP,400,IDA,POR MICROBUSES,INTERDEPARTAMENTAL,LA PAZ,51.31,18,0.61
AB327B0MO,327-B,IDA,POR AUTOBUS,INTERDEPARTAMENTAL,MORAZAN,37.89,2,1.04
AB327X0MO,327,IDA,POR AUTOBUS,INTERDEPARTAMENTAL,MORAZAN,55.16,13,1.67
AB328B0MO,328-B,IDA,POR AUTOBUS,INTERDEPARTAMENTAL,MORAZAN,35.77,1,1.04
AB328D0MO,328-D,IDA,POR AUTOBUS,INTERDEPARTAMENTAL,MORAZAN,43.88,1,1
AB328E0MO,328-E,IDA,POR AUTOBUS,INTERDEPARTAMENTAL,MORAZAN,53.34,1,1.1
AB328X0MO,328,IDA,POR AUTOBUS,INTERDEPARTAMENTAL,MORAZAN,69.71,27,1.67
AB332A0MO,332-A,IDA,POR AUTOBUS,INTERDEPARTAMENTAL,MORAZAN,75.83,3,1.77
AB332C0MO,332-C,IDA,POR AUTOBUS,INTERDEPARTAMENTAL,MORAZAN,67.11,6,1.77
AB332D0MO,332-D,IDA,POR AUTOBUS,INTERDEPARTAMENTAL,MORAZAN,71.03,4,1.77
AB332E0MO,332-E,IDA,POR AUTOBUS,INTERDEPARTAMENTAL,MORAZAN,83.55,4,1.77
AB332F0MO,332-F,IDA,POR AUTOBUS,INTERDEPARTAMENTAL,MORAZAN,79.83,1,2.55
AB386X0MO,386,IDA,POR AUTOBUS,INTERDEPARTAMENTAL,MORAZAN,64.72,6,1.77
AB387X0MO,387,IDA,POR AUTOBUS,INTERDEPARTAMENTAL,MORAZAN,33.12,1,0.97
AB486X0MO,486,REGRESO,POR AUTOBUS,INTERDEPARTAMENTAL,MORAZAN,83.05,2,1.9
AB728X0MO,728,REGRESO,POR AUTOBUS,INTERDEPARTAMENTAL,MORAZAN,17.1,2,1.67
AB730X0MO,730,IDA,POR AUTOBUS,INTERDEPARTAMENTAL,MORAZAN,17.72,0,1.3
AB732X0MO,732,IDA,POR AUTOBUS,INTERDEPARTAMENTAL,MORAZAN,7.61,0,
AB739X0MO,739,IDA,POR AUTOBUS,INTERDEPARTAMENTAL,MORAZAN,13.18,2,0.8
MB739X0MO,739,IDA,POR MICROBUSES,INTERDEPARTAMENTAL,MORAZAN,13.24,1,1
AB201A0SA,201-A,IDA,POR AUTOBUS,INTERDEPARTAMENTAL,SANTA ANA,111.31,14,1.04
AB201A1SA,201-A1,IDA,POR AUTOBUS,INTERDEPARTAMENTAL,SANTA ANA,111.31,5,2
AB201DDI0SA,201-DD,IDA,POR AUTOBUS,INTERDEPARTAMENTAL,SANTA ANA,63.31,28,1
AB201DI0SA,201-DI,IDA,POR AUTOBUS,INTERDEPARTAMENTAL,SANTA ANA,63.9,17,0.76
AB201DI1ESA,201-DI,IDA,POR AUTOBUS,INTERDEPARTAMENTAL,SANTA ANA,66.98,2,1.35
AB201DI1SA,201-DI,IDA,POR AUTOBUS,INTERDEPARTAMENTAL,SANTA ANA,66.98,7,0.76
AB201DI2SA,201,IDA,POR AUTOBUS,INTERDEPARTAMENTAL,SANTA ANA,66.98,18,1.3
AB201DI3SA,201-D,IDA,POR AUTOBUS,INTERDEPARTAMENTAL,SANTA ANA,66.98,2,
AB201DIL0SA,201-DIL,IDA,POR AUTOBUS,INTERDEPARTAMENTAL,SANTA ANA,63.9,1,
AB201OR0SA,201-OR,REGRESO,POR AUTOBUS,INTERDEPARTAMENTAL,SANTA ANA,65.33,40,0.74
AB2010RE1SA,201-E1,REGRESO,POR AUTOBUS,INTERDEPARTAMENTAL,SANTA ANA,63.23,20,1.35
AB209X0SA,209,IDA,POR AUTOBUS,INTERDEPARTAMENTAL,SANTA ANA,61.98,16,0.71
AB210X0SA,210,IDA,POR AUTOBUS,INTERDEPARTAMENTAL,SANTA ANA,34.22,40,0.48
AB213X0SA,213,IDA,POR AUTOBUS,INTERDEPARTAMENTAL,SANTA ANA,32.51,3,0.85
AB214X0SA,214,IDA,POR AUTOBUS,INTERDEPARTAMENTAL,SANTA ANA,24.83,7,0.41
AB216X0SA,216,IDA,POR AUTOBUS,INTERDEPARTAMENTAL,SANTA ANA,46.24,33,0.7
AB238A1SA,238,IDA,POR AUTOBUS,INTERDEPARTAMENTAL,SANTA ANA,46.17,1,0.9
AB238X0SA,238,IDA,POR AUTOBUS,INTERDEPARTAMENTAL,SANTA ANA,35.11,4,0.8
AB256X0SA,256,IDA,POR AUTOBUS,INTERDEPARTAMENTAL,SANTA ANA,72.17,2,1.17
AB276X0SA,276,IDA,POR AUTOBUS,INTERDEPARTAMENTAL,SANTA ANA,66.01,10,0.74
AB277X0SA,277,IDA,POR AUTOBUS,INTERDEPARTAMENTAL,SANTA ANA,31.31,12,0.59
AB456D0SA,456-D,IDA,POR AUTOBUS,INTERDEPARTAMENTAL,SANTA ANA,75.91,1,1.2
AB456X0SA,456,IDA,POR AUTOBUS,INTERDEPARTAMENTAL,SANTA ANA,75.98,5,1.04
AB463X0SA,463,IDA,POR AUTOBUS,INTERDEPARTAMENTAL,SANTA ANA,48.17,3,2.18
AB498X0SA,498,IDA,POR AUTOBUS,INTERDEPARTAMENTAL,SANTA ANA,90.61,2,1.46
AB498X1SA,498-1,IDA,POR AUTOBUS,INTERDEPARTAMENTAL,SANTA ANA,90.61,1,
AB301A0SM,301-A,IDA,POR AUTOBUS,INTERDEPARTAMENTAL,SAN MIGUEL,160.22,5,2.24
AB320B0SM,320-B,REGRESO,POR AUTOBUS,INTERDEPARTAMENTAL,SAN MIGUEL,49.44,3,1.04
AB325A0SM,325-A,IDA,POR AUTOBUS,INTERDEPARTAMENTAL,SAN MIGUEL,29.0,5,0.74
AB326C0SM,326-C,IDA,POR AUTOBUS,INTERDEPARTAMENTAL,SAN MIGUEL,33.42,1,0.86
AB326X0SM,326,IDA,POR AUTOBUS,INTERDEPARTAMENTAL,SAN MIGUEL,32.02,6,0.86
AB333A0SM,333-A,IDA,POR AUTOBUS,INTERDEPARTAMENTAL,SAN MIGUEL,33.62,1,0.63
AB333X0SM,333,REGRESO,POR AUTOBUS,INTERDEPARTAMENTAL,USULUTAN,30.12,9,0.63
AB355A0SM,355-A,IDA,POR AUTOBUS,INTERDEPARTAMENTAL,SAN MIGUEL,30.27,2,0.96
AB355B0SM,355-B,IDA,POR AUTOBUS,INTERDEPARTAMENTAL,SAN MIGUEL,27.96,0,0.96
AB355X0SM,355,IDA,POR AUTOBUS,INTERDEPARTAMENTAL,SAN MIGUEL,23.77,11,0.74
AB384A0SM,384-A,IDA,POR AUTOBUS,INTERDEPARTAMENTAL,SAN MIGUEL,36.78,1,0.88
AB384X0SM,384,IDA,POR AUTOBUS,INTERDEPARTAMENTAL,SAN MIGUEL,33.12,4,0.88
AB392X0SM,392,REGRESO,POR AUTOBUS,INTERDEPARTAMENTAL,SAN MIGUEL,46.59,1,1.04
AB394X0SM,394,IDA,POR AUTOBUS,INTERDEPARTAMENTAL,SAN MIGUEL,21.89,2,1.3
AB395A0SM,395-A,IDA,POR AUTOBUS,INTERDEPARTAMENTAL,SAN MIGUEL,27.21,1,1.04
AB395B0SM,395-B,IDA,POR AUTOBUS,INTERDEPARTAMENTAL,SAN MIGUEL,27.12,2,1.04
AB395X0SM,395,IDA,POR AUTOBUS,INTERDEPARTAMENTAL,SAN MIGUEL,26.64,3,0.81
AB443X0SM,443,IDA,POR AUTOBUS,INTERDEPARTAMENTAL,SAN MIGUEL,61.54,1,2.18
AB444X0SM,444,IDA,POR AUTOBUS,INTERDEPARTAMENTAL,SAN MIGUEL,40.58,5,1.52
AB523X0SM,523,IDA,POR AUTOBUS,INTERDEPARTAMENTAL,SAN MIGUEL,13.59,2,0.74
AB715X0SM,715,IDA,POR AUTOBUS,INTERDEPARTAMENTAL,SAN MIGUEL,40.14,1,1.86
AB203A0SO,203-A,IDA,POR AUTOBUS,INTERDEPARTAMENTAL,SONSONATE,69.91,2,0.61
AB203X0SO,203,IDA,POR AUTOBUS,INTERDEPARTAMENTAL,SONSONATE,54.24,14,0.61
AB204X0SO,204-X0,IDA,POR AUTOBUS,INTERDEPARTAMENTAL,SONSONATE,66.26,1,0.61
AB205D0SO,205-D,IDA,POR AUTOBUS,INTERDEPARTAMENTAL,SONSONATE,63.04,13,0.99
AB205L0SO,205-L,IDA,POR AUTOBUS,INTERDEPARTAMENTAL,SONSONATE,63.04,1,1.6
AB205X0SO,205,IDA,POR AUTOBUS,INTERDEPARTAMENTAL,SONSONATE,63.04,163,0.76
AB205X1SO,205,IDA,POR AUTOBUS,INTERDEPARTAMENTAL,SONSONATE,63.04,25,1.3
AB208X0SO,208,IDA,POR AUTOBUS,INTERDEPARTAMENTAL,SONSONATE,36.9,10,0.53
AB243X0SO,243,IDA,POR AUTOBUS,INTERDEPARTAMENTAL,SONSONATE,45.9,2,1.19
AB246X0SO,246,IDA,POR AUTOBUS,INTERDEPARTAMENTAL,SONSONATE,24.19,13,0.59
AB249X0SO,249,IDA,POR AUTOBUS,INTERDEPARTAMENTAL,SONSONATE,49.98,30,0.9
AB251X0SO,251,IDA,POR AUTOBUS,INTERDEPARTAMENTAL,SONSONATE,40.99,2,0.91
AB259X0SO,259,IDA,POR AUTOBUS,INTERDEPARTAMENTAL,SONSONATE,59.47,40,0.9
AB261X0SO,261,IDA,POR AUTOBUS,INTERDEPARTAMENTAL,SONSONATE,68.37,3,0.97
AB270A0SO,270-A,IDA,POR AUTOBUS,INTERDEPARTAMENTAL,SONSONATE,19.07,1,0.59
AB279B0SO,279-B,IDA,POR AUTOBUS,INTERDEPARTAMENTAL,SONSONATE,50.24,4,0.9
AB281X0SO,281,IDA,POR AUTOBUS,INTERDEPARTAMENTAL,SONSONATE,44.11,13,0.45
AB285X0SO,285,IDA,POR AUTOBUS,INTERDEPARTAMENTAL,SONSONATE,44.35,1,1.3
AB286X0SO,286,IDA,POR AUTOBUS,INTERDEPARTAMENTAL,SONSONATE,58.73,2,0.9
AB287X0SO,287,IDA,POR AUTOBUS,INTERDEPARTAMENTAL,SONSONATE,89.44,2,1.18
AB429X0SO,429,IDA,POR AUTOBUS,INTERDEPARTAMENTAL,SONSONATE,62.47,3,0.38
AB435X0SO,435,IDA,POR AUTOBUS,INTERDEPARTAMENTAL,SONSONATE,81.24,6,0.91
AB438X0SO,438,IDA,POR AUTOBUS,INTERDEPARTAMENTAL,SONSONATE,45.78,1,0.74
AB801X0SO,801,IDA,POR AUTOBUS,INTERDEPARTAMENTAL,SONSONATE,45.49,2,0.55
MB006X0SO,6,IDA,POR MICROBUSES,INTERDEPARTAMENTAL,SONSONATE,46.03,9,0.61
AB025A0SS,25-A,IDA,POR AUTOBUS,INTERDEPARTAMENTAL,SAN SALVADOR,25.91,1,0.38
AB190A0SS,190-A,REGRESO,POR AUTOBUS,INTERDEPARTAMENTAL,SAN SALVADOR,12.0,2,0.67
AB110A0SV,110-A,Ida,POR AUTOBUS,INTERDEPARTAMENTAL,SAN VICENTE,42.42,2,0.74
AB110X0SV,110,Regreso,POR AUTOBUS,INTERDEPARTAMENTAL,SAN VICENTE,42.82,24,0.74
AB116X0SV,116,Ida,POR AUTOBUS,INTERDEPARTAMENTAL,SAN VICENTE,53.78,57,0.9
AB116X1SV,116,Ida,POR AUTOBUS,INTERDEPARTAMENTAL,SAN VICENTE,53.78,8,1.19
AB157X0SV,157,IDA,POR AUTOBUS,INTERDEPARTAMENTAL,SAN VICENTE,48.59,2,0.56
AB160A0SV,160-A,IDA,POR AUTOBUS,INTERDEPARTAMENTAL,SAN VICENTE,25.53,1,0.59
AB176D0SV,176-D,Ida,POR AUTOBUS,INTERDEPARTAMENTAL,SAN VICENTE,50.98,1,0.63
AB176X0SV,176,Ida,POR AUTOBUS,INTERDEPARTAMENTAL,SAN VICENTE,55.57,4,0.63
AB177X0SV,177,IDA,POR AUTOBUS,INTERDEPARTAMENTAL,SAN VICENTE,25.26,22,0.65
AB178X0SV,178,REGRESO,POR AUTOBUS,INTERDEPARTAMENTAL,SAN VICENTE,20.19,3,0.38
AB193E0SV,193-E,IDA,POR AUTOBUS,INTERDEPARTAMENTAL,SAN VICENTE,75.56,2,1.06
AB194X0SV,194,IDA,POR AUTOBUS,INTERDEPARTAMENTAL,SAN VICENTE,60.72,1,1.04
AB499X0SV,499,Ida,POR AUTOBUS,INTERDEPARTAMENTAL,SAN VICENTE,50.51,2,0.74
AB501A0SV,501-A,Ida,POR AUTOBUS,INTERDEPARTAMENTAL,SAN VICENTE,53.19,1,1.12
AB501X0SV,501,Ida,POR AUTOBUS,INTERDEPARTAMENTAL,SAN VICENTE,53.36,7,1.12
AB511X0SV,511,Ida,POR AUTOBUS,INTERDEPARTAMENTAL,SAN VICENTE,64.35,2,1.18
AB513A0SV,513-A,IDA,POR AUTOBUS,INTERDEPARTAMENTAL,SAN VICENTE,64.42,1,0.97
AB677X0SV,677,IDA,POR AUTOBUS,INTERDEPARTAMENTAL,SAN VICENTE,33.7,2,0.9
MB001X0SV,1,Regreso,POR MICROBUSES,INTERDEPARTAMENTAL,SAN VICENTE,16.8,1,0.37
AB304D0UN,304,Ida,POR AUTOBUS,INTERDEPARTAMENTAL,LA UNION,173.52,3,3.79
AB304X0UN,304,Ida,POR AUTOBUS,INTERDEPARTAMENTAL,LA UNION,173.52,9,3.19
AB304X1UN,304-X1,Ida,POR AUTOBUS,INTERDEPARTAMENTAL,LA UNION,173.52,15,5.55
AB306D0UN,306,Regreso,POR AUTOBUS,INTERDEPARTAMENTAL,LA UNION,167.38,0,4.1
AB306X0UN,306,Ida,POR AUTOBUS,INTERDEPARTAMENTAL,LA UNION,167.52,0,3.19
AB306X1UN,306-1,Ida,POR AUTOBUS,INTERDEPARTAMENTAL,LA UNION,167.52,0,5.55
AB320A0UN,320-A,IDA,POR AUTOBUS,INTERDEPARTAMENTAL,LA UNION,40.72,2,0.97
AB321X0UN,321,REGRESO,POR AUTOBUS,INTERDEPARTAMENTAL,LA UNION,43.04,2,1.17
AB324X0UN,324,REGRESO,POR AUTOBUS,INTERDEPARTAMENTAL,LA UNION,46.62,44,0.9
AB325A1UN,325-A,IDA,POR AUTOBUS,INTERDEPARTAMENTAL,LA UNION,27.76,1,0.74
AB330X0UN,330,REGRESO,POR AUTOBUS,INTERDEPARTAMENTAL,LA UNION,56.0,32,1.08
AB331B1UN,331-B,IDA,POR AUTOBUS,INTERDEPARTAMENTAL,LA UNION,42.7,2,1.12
AB331C0UN,331-C,REGRESO,POR AUTOBUS,INTERDEPARTAMENTAL,LA UNION,36.16,1,0.97
AB331X0UN,331,REGRESO,POR AUTOBUS,INTERDEPARTAMENTAL,LA UNION,54.39,6,0.97
AB336X0UN,336,REGRESO,POR AUTOBUS,INTERDEPARTAMENTAL,LA UNION,86.66,4,1.81
AB343X0UN,343,REGRESO,POR AUTOBUS,INTERDEPARTAMENTAL,LA UNION,87.66,1,1.44
AB344X0UN,344,REGRESO,POR AUTOBUS,INTERDEPARTAMENTAL,LA UNION,34.1,5,1.44
AB346D0UN,346,Regreso,POR AUTOBUS,INTERDEPARTAMENTAL,LA UNION,183.78,2,3.83
AB346X0UN,346,Ida,POR AUTOBUS,INTERDEPARTAMENTAL,LA UNION,187.56,2,3.19
AB346X1UN,346-1,Regreso,POR AUTOBUS,INTERDEPARTAMENTAL,LA UNION,182.94,2,3.83
AB355C0UN,355-C,REGRESO,POR AUTOBUS,INTERDEPARTAMENTAL,LA UNION,27.16,1,1.25
AB374X0UN,374,REGRESO,POR AUTOBUS,INTERDEPARTAMENTAL,LA UNION,68.16,4,1.31
AB390A0UN,390-A,REGRESO,POR AUTOBUS,INTERDEPARTAMENTAL,LA UNION,89.43,2,1.91
AB390X0UN,390,REGRESO,POR AUTOBUS,INTERDEPARTAMENTAL,LA UNION,73.97,8,1.91
AB391A0UN,391-A,REGRESO,POR AUTOBUS,INTERDEPARTAMENTAL,LA UNION,76.73,9,1.91
AB391B0UN,391-B,REGRESO,POR AUTOBUS,INTERDEPARTAMENTAL,LA UNION,92.69,1,1.7
AB393A0UN,393-A,REGRESO,POR AUTOBUS,INTERDEPARTAMENTAL,LA UNION,67.78,1,1.31
AB446X0UN,446,Regreso,POR AUTOBUS,INTERDEPARTAMENTAL,LA UNION,207.31,1,3.19
AB491A0UN,491-A,REGRESO,POR AUTOBUS,INTERDEPARTAMENTAL,LA UNION,45.53,1,1.52
AB148X0US,148,REGRESO,POR AUTOBUS,INTERDEPARTAMENTAL,USULUTAN,95.23,1,1.22
AB185X0US,185,REGRESO,POR AUTOBUS,INTERDEPARTAMENTAL,USULUTAN,103.6,5,1.52
AB302A0US,302-A,REGRESO,POR AUTOBUS,INTERDEPARTAMENTAL,USULUTAN,126.32,6,1.67
AB302B0US,302-B,REGRESO,POR AUTOBUS,INTERDEPARTAMENTAL,USULUTAN,120.09,1,1.67
AB302D0US,302-D,REGRESO,POR AUTOBUS,INTERDEPARTAMENTAL,USULUTAN,116.76,1,1.54
AB302X0US,302,REGRESO,POR AUTOBUS,INTERDEPARTAMENTAL,USULUTAN,110.07,32,1.54
AB302X1US,302-1,REGRESO,POR AUTOBUS,INTERDEPARTAMENTAL,USULUTAN,110.07,17,3
AB303A0US,303-A,Regreso,POR AUTOBUS,INTERDEPARTAMENTAL,USULUTAN,108.18,1,2.18
AB303X0US,303,Regreso,POR AUTOBUS,INTERDEPARTAMENTAL,USULUTAN,101.6,4,2.24
AB302C0US,302,Regreso,POR AUTOBUS,INTERDEPARTAMENTAL,USULUTAN,108.01,1,0
AB311X0US,311,Regreso,POR AUTOBUS,INTERDEPARTAMENTAL,USULUTAN,101.74,1,1.67
AB312X0US,312,IDA,POR AUTOBUS,INTERDEPARTAMENTAL,USULUTAN,117.54,4,1.67
AB322X0US,322,REGRESO,POR AUTOBUS,INTERDEPARTAMENTAL,USULUTAN,53.18,8,1.08
AB323X0US,323,REGRESO,POR AUTOBUS,INTERDEPARTAMENTAL,USULUTAN,49.94,3,0.88
AB335X0US,335,REGRESO,POR AUTOBUS,INTERDEPARTAMENTAL,USULUTAN,75.9,12,1.3
AB340A0US,340-A,REGRESO,POR AUTOBUS,INTERDEPARTAMENTAL,USULUTAN,62.11,1,1.04
AB340X0US,340,REGRESO,POR AUTOBUS,INTERDEPARTAMENTAL,USULUTAN,56.02,8,1.04
AB363A0US,363-A,REGRESO,POR AUTOBUS,INTERDEPARTAMENTAL,USULUTAN,35.82,2,0.48
AB371A0US,371-A,IDA,POR AUTOBUS,INTERDEPARTAMENTAL,USULUTAN,18.61,2,0.74
AB371B0US,371-B,IDA,POR AUTOBUS,INTERDEPARTAMENTAL,USULUTAN,28.3,15,0.74
AB371X0US,371,IDA,POR AUTOBUS,INTERDEPARTAMENTAL,USULUTAN,16.58,3,0.63
AB373X0US,373,REGRESO,POR AUTOBUS,INTERDEPARTAMENTAL,USULUTAN,51.18,34,0.9
AB377X0US,377,IDA,POR AUTOBUS,INTERDEPARTAMENTAL,USULUTAN,77.46,7,0.81
AB398X0US,398,REGRESO,POR AUTOBUS,INTERDEPARTAMENTAL,USULUTAN,9.01,1,0.9
AB417X0US,417,IDA,POR AUTOBUS,INTERDEPARTAMENTAL,USULUTAN,68.5,5,1.34
AB479X0US,479,REGRESO,POR AUTOBUS,INTERDEPARTAMENTAL,USULUTAN,46.31,2,0.9
AB785X0US,785,REGRESO,POR AUTOBUS,INTERDEPARTAMENTAL,USULUTAN,18.61,1,0.45
MB012X0US,12,IDA,POR MICROBUSES,INTERDEPARTAMENTAL,USULUTAN,35.37,3,0.25
MB333B0US,333-B,REGRESO,POR MICROBUSES,INTERDEPARTAMENTAL,USULUTAN,28.21,7,0.65
